06003-2024Q1,2024-03-31T00:00:00Z,0,11326679
06055-2022Q1,2022-03-31T00:00:00Z,0,1024327718
06043-2022Q1,2022-03-31T00:00:00Z,0,47850811
06083-2020Q3,2020-09-30T00:00:00Z,23043,1950327275
06087-2020Q3,2020-09-30T00:00:00Z,280,1058749786
06073-2020Q3,2020-09-30T00:00:00Z,8480,15582640249
06075-2023Q3,2023-09-30T00:00:00Z,3503024,4760943089
06113-2023Q3,2023-09-30T00:00:00Z,1280,1487428846
06025-2017Q2,2017-06-30T00:00:00Z,0,594781646
06077-2023Q3,2023-09-30T00:00:00Z,1760,6076575996
06081-2023Q3,2023-09-30T00:00:00Z,114280,5610443175
06105-2017Q2,2017-06-30T00:00:00Z,0,33424768
06055-2019Q2,2019-06-30T00:00:00Z,0,966458496
06081-2020Q1,2020-03-31T00:00:00Z,9480,3914646669
06097-2020Q1,2020-03-31T00:00:00Z,33600,2222253849
06013-2020Q1,2020-03-31T00:00:00Z,5360,4056112773
06113-2020Q1,2020-03-31T00:00:00Z,2000,1068745481
06061-2020Q1,2020-03-31T00:00:00Z,3600,2313456215
06003-2020Q4,2020-12-31T00:00:00Z,0,5149707
06115-2020Q4,2020-12-31T00:00:00Z,0,221099730
06035-2020Q4,2020-12-31T00:00:00Z,0,80447270
06063-2020Q4,2020-12-31T00:00:00Z,0,75253754
06101-2020Q4,2020-12-31T00:00:00Z,400,539372911
06107-2015Q4,2015-12-31T00:00:00Z,1820,1656324897
06043-2019Q3,2019-09-30T00:00:00Z,0,70121914
06025-2019Q3,2019-09-30T00:00:00Z,400,668936097
06069-2025Q4,2025-12-31T00:00:00Z,0,272359922
06111-2025Q4,2025-12-31T00:00:00Z,0,5299171760
06079-2019Q3,2019-09-30T00:00:00Z,126400,1415647383
06021-2025Q4,2025-12-31T00:00:00Z,0,134918180
06077-2025Q4,2025-12-31T00:00:00Z,0,6825060227
06029-2025Q4,2025-12-31T00:00:00Z,0,5945458320
06055-2017Q4,2017-12-31T00:00:00Z,17320,895860163
06057-2017Q4,2017-12-31T00:00:00Z,800,407485544
06067-2017Q4,2017-12-31T00:00:00Z,1170320,6548156453
06069-2020Q3,2020-09-30T00:00:00Z,0,241715292
06093-2020Q3,2020-09-30T00:00:00Z,0,202070086
06013-2020Q3,2020-09-30T00:00:00Z,0,4740735418
06085-2020Q3,2020-09-30T00:00:00Z,400,11938925339
06047-2020Q3,2020-09-30T00:00:00Z,0,919717702
06089-2020Q3,2020-09-30T00:00:00Z,0,975006267
06023-2020Q3,2020-09-30T00:00:00Z,2160,620064830
06109-2017Q2,2017-06-30T00:00:00Z,0,184931744
06115-2017Q2,2017-06-30T00:00:00Z,0,148856704
06099-2015Q3,2015-09-30T00:00:00Z,22240,2097252302
06105-2015Q3,2015-09-30T00:00:00Z,2400,31135606
06009-2015Q3,2015-09-30T00:00:00Z,45200,90966685
06031-2015Q3,2015-09-30T00:00:00Z,0,415681223
06009-2025Q3,2025-09-30T00:00:00Z,0,146641843
06087-2025Q3,2025-09-30T00:00:00Z,0,1315558286
06097-2025Q3,2025-09-30T00:00:00Z,0,2993641102
06013-2025Q3,2025-09-30T00:00:00Z,0,5516044864
06111-2025Q3,2025-09-30T00:00:00Z,0,5104275401
06059-2015Q3,2015-09-30T00:00:00Z,1131920,15652464831
06029-2015Q1,2015-03-31T00:00:00Z,0,3442394959
06027-2015Q1,2015-03-31T00:00:00Z,0,95680671
06003-2015Q3,2015-09-30T00:00:00Z,0,11174614
06007-2015Q3,2015-09-30T00:00:00Z,8080,796308229
06091-2015Q3,2015-09-30T00:00:00Z,0,5904597
06039-2015Q3,2015-09-30T00:00:00Z,6400,399690942
06041-2015Q3,2015-09-30T00:00:00Z,51440,1282770553
06101-2015Q3,2015-09-30T00:00:00Z,6400,404910227
06003-2015Q1,2015-03-31T00:00:00Z,0,11284875
06089-2015Q1,2015-03-31T00:00:00Z,0,656280079
06025-2017Q4,2017-12-31T00:00:00Z,0,792443471
06025-2019Q4,2019-12-31T00:00:00Z,1600,793884790
06007-2017Q4,2017-12-31T00:00:00Z,8320,882193228
06087-2017Q4,2017-12-31T00:00:00Z,62240,993894786
06035-2019Q4,2019-12-31T00:00:00Z,0,76756665
06107-2019Q4,2019-12-31T00:00:00Z,3620,2273034975
06081-2019Q3,2019-09-30T00:00:00Z,8640,4591517826
06099-2019Q3,2019-09-30T00:00:00Z,1200,2501733644
06105-2025Q3,2025-09-30T00:00:00Z,0,33678976
06011-2025Q3,2025-09-30T00:00:00Z,0,157602049
06007-2022Q1,2022-03-31T00:00:00Z,0,1094966223
06107-2019Q3,2019-09-30T00:00:00Z,32800,1960477991
06097-2022Q1,2022-03-31T00:00:00Z,0,2759596164
06013-2022Q1,2022-03-31T00:00:00Z,0,5125239609
06105-2022Q1,2022-03-31T00:00:00Z,0,28644584
06047-2022Q1,2022-03-31T00:00:00Z,0,1003008675
06061-2022Q1,2022-03-31T00:00:00Z,0,3130904685
06111-2019Q3,2019-09-30T00:00:00Z,36960,3698561368
06105-2019Q3,2019-09-30T00:00:00Z,4800,30667385
06083-2019Q3,2019-09-30T00:00:00Z,59465,1957832879
06091-2019Q3,2019-09-30T00:00:00Z,0,5974546
06075-2019Q3,2019-09-30T00:00:00Z,495354,5151046921
06007-2024Q3,2024-09-30T00:00:00Z,0,1066970002
06049-2024Q3,2024-09-30T00:00:00Z,0,31332741
06047-2020Q4,2020-12-31T00:00:00Z,0,948684226
06053-2016Q1,2016-03-31T00:00:00Z,0,1438318580
06063-2024Q2,2024-06-30T00:00:00Z,0,90981829
06049-2023Q4,2023-12-31T00:00:00Z,960,29007531
06097-2023Q4,2023-12-31T00:00:00Z,288680,3092615559
06101-2024Q2,2024-06-30T00:00:00Z,0,608160731
06085-2024Q2,2024-06-30T00:00:00Z,0,13994883370
06069-2023Q3,2023-09-30T00:00:00Z,0,296639367
06059-2023Q3,2023-09-30T00:00:00Z,526656,21892147873
06087-2023Q3,2023-09-30T00:00:00Z,37040,1290917851
06033-2023Q3,2023-09-30T00:00:00Z,0,205064814
06037-2023Q3,2023-09-30T00:00:00Z,2011440,52173010034
06071-2017Q3,2017-09-30T00:00:00Z,779040,9729959894
06099-2017Q3,2017-09-30T00:00:00Z,3920,2274769540
06017-2017Q4,2017-12-31T00:00:00Z,180200,595205241
06061-2017Q4,2017-12-31T00:00:00Z,2400,2515380255
06035-2024Q1,2024-03-31T00:00:00Z,0,74161874
06079-2024Q1,2024-03-31T00:00:00Z,0,1618095728
06023-2024Q1,2024-03-31T00:00:00Z,0,515028956
06069-2024Q1,2024-03-31T00:00:00Z,0,215970856
06109-2024Q1,2024-03-31T00:00:00Z,0,218006563
06065-2024Q1,2024-03-31T00:00:00Z,0,14395280191
06091-2024Q1,2024-03-31T00:00:00Z,0,6069364
06109-2023Q3,2023-09-30T00:00:00Z,0,269363548
06095-2023Q3,2023-09-30T00:00:00Z,2480,2636757765
06101-2023Q3,2023-09-30T00:00:00Z,0,608393286
06051-2023Q3,2023-09-30T00:00:00Z,0,142061818
06025-2023Q3,2023-09-30T00:00:00Z,0,1040489374
06093-2023Q3,2023-09-30T00:00:00Z,0,231484809
06097-2023Q3,2023-09-30T00:00:00Z,17240,3054129907
06047-2023Q3,2023-09-30T00:00:00Z,0,1128499674
06031-2023Q3,2023-09-30T00:00:00Z,0,636084216
06017-2020Q4,2020-12-31T00:00:00Z,400,795279389
06037-2020Q4,2020-12-31T00:00:00Z,631386,44945862266
06071-2020Q4,2020-12-31T00:00:00Z,7480,12382782784
06085-2020Q1,2020-03-31T00:00:00Z,244240,10784454196
06093-2020Q1,2020-03-31T00:00:00Z,0,134035249
06009-2025Q1,2025-03-31T00:00:00Z,0,129151865
06099-2025Q1,2025-03-31T00:00:00Z,0,2940829200
06111-2025Q1,2025-03-31T00:00:00Z,0,4617927182
06051-2015Q4,2015-12-31T00:00:00Z,240,64843622
06015-2015Q4,2015-12-31T00:00:00Z,0,59577380
06069-2015Q4,2015-12-31T00:00:00Z,0,160790850
06087-2015Q4,2015-12-31T00:00:00Z,39880,928518423
06105-2015Q4,2015-12-31T00:00:00Z,800,28065402
06007-2015Q4,2015-12-31T00:00:00Z,17120,812119176
06079-2015Q4,2015-12-31T00:00:00Z,40800,1291311206
06009-2018Q4,2018-12-31T00:00:00Z,0,102680886
06019-2018Q4,2018-12-31T00:00:00Z,126120,3991102301
06043-2018Q4,2018-12-31T00:00:00Z,0,48725126
06063-2018Q4,2018-12-31T00:00:00Z,0,53978583
06093-2018Q4,2018-12-31T00:00:00Z,1040,146639609
06047-2018Q4,2018-12-31T00:00:00Z,960,805653260
06083-2018Q4,2018-12-31T00:00:00Z,44216,1951320620
06109-2019Q1,2019-03-31T00:00:00Z,0,160406908
06067-2019Q1,2019-03-31T00:00:00Z,0,5974140109
06029-2018Q2,2018-06-30T00:00:00Z,0,3828152942
06105-2019Q1,2019-03-31T00:00:00Z,0,18246456
06103-2019Q1,2019-03-31T00:00:00Z,0,208092575
06043-2019Q1,2019-03-31T00:00:00Z,0,33267983
06019-2024Q1,2024-03-31T00:00:00Z,0,5318744283
06037-2019Q1,2019-03-31T00:00:00Z,0,39275800568
06013-2023Q2,2023-06-30T00:00:00Z,0,5661266371
06011-2023Q2,2023-06-30T00:00:00Z,0,170585362
06063-2021Q1,2021-03-31T00:00:00Z,0,60899935
06081-2021Q1,2021-03-31T00:00:00Z,200,4220110973
06013-2019Q1,2019-03-31T00:00:00Z,0,3937785678
06085-2019Q1,2019-03-31T00:00:00Z,0,10428981423
06023-2025Q2,2025-06-30T00:00:00Z,0,571966167
06055-2025Q2,2025-06-30T00:00:00Z,0,1158570794
06011-2025Q2,2025-06-30T00:00:00Z,0,166084379
06075-2015Q3,2015-09-30T00:00:00Z,6050592,4723325380
06005-2024Q3,2024-09-30T00:00:00Z,0,149602531
06019-2018Q3,2018-09-30T00:00:00Z,146975,3911005171
06023-2022Q2,2022-06-30T00:00:00Z,0,601183142
06027-2020Q4,2020-12-31T00:00:00Z,6400,98246256
06015-2020Q4,2020-12-31T00:00:00Z,0,80858775
06087-2020Q4,2020-12-31T00:00:00Z,1080,1152470713
06073-2020Q4,2020-12-31T00:00:00Z,62880,16867775493
06087-2016Q4,2016-12-31T00:00:00Z,56120,956591086
06075-2016Q4,2016-12-31T00:00:00Z,3199864,5210036952
06011-2016Q4,2016-12-31T00:00:00Z,0,87103139
06047-2016Q4,2016-12-31T00:00:00Z,2880,723810598
06027-2016Q4,2016-12-31T00:00:00Z,0,85851428
06045-2016Q4,2016-12-31T00:00:00Z,4400,357495613
06041-2016Q4,2016-12-31T00:00:00Z,26560,1364928780
06065-2016Q4,2016-12-31T00:00:00Z,1241754,9278848713
06095-2021Q4,2021-12-31T00:00:00Z,1720,2637263426
06105-2020Q4,2020-12-31T00:00:00Z,400,38807141
06005-2022Q2,2022-06-30T00:00:00Z,0,162451497
06109-2020Q4,2020-12-31T00:00:00Z,0,231436437
06089-2020Q4,2020-12-31T00:00:00Z,0,1003744430
06075-2018Q3,2018-09-30T00:00:00Z,5044794,5168868635
06001-2020Q4,2020-12-31T00:00:00Z,44960,9207371094
06103-2018Q3,2018-09-30T00:00:00Z,1360,211521692
06107-2018Q3,2018-09-30T00:00:00Z,26000,1822691605
06031-2018Q3,2018-09-30T00:00:00Z,800,445289453
06023-2018Q3,2018-09-30T00:00:00Z,15000,523308481
06091-2022Q3,2022-09-30T00:00:00Z,640,9977950
06101-2022Q3,2022-09-30T00:00:00Z,0,590005890
06043-2022Q3,2022-09-30T00:00:00Z,0,74629758
06097-2020Q3,2020-09-30T00:00:00Z,4000,2645934821
06081-2020Q2,2020-06-30T00:00:00Z,1200,3245888151
06107-2020Q2,2020-06-30T00:00:00Z,0,2578668258
06059-2020Q2,2020-06-30T00:00:00Z,5584,13730412998
06091-2024Q4,2024-12-31T00:00:00Z,0,9308147
06039-2024Q4,2024-12-31T00:00:00Z,0,618716596
06069-2024Q4,2024-12-31T00:00:00Z,0,278802604
06011-2020Q3,2020-09-30T00:00:00Z,0,132796169
06001-2020Q3,2020-09-30T00:00:00Z,20968,8477143757
06021-2024Q4,2024-12-31T00:00:00Z,0,140874929
06003-2024Q4,2024-12-31T00:00:00Z,0,9433811
06071-2024Q4,2024-12-31T00:00:00Z,0,15766145017
06103-2024Q4,2024-12-31T00:00:00Z,0,282480702
06057-2022Q1,2022-03-31T00:00:00Z,0,448584564
06059-2022Q1,2022-03-31T00:00:00Z,0,20205912347
06085-2015Q1,2015-03-31T00:00:00Z,0,9299382913
06115-2019Q1,2019-03-31T00:00:00Z,0,128154470
06005-2019Q1,2019-03-31T00:00:00Z,0,104262971
06035-2024Q3,2024-09-30T00:00:00Z,0,95020714
06009-2024Q3,2024-09-30T00:00:00Z,0,155281456
06075-2019Q1,2019-03-31T00:00:00Z,0,4763789064
06003-2019Q1,2019-03-31T00:00:00Z,0,7030646
06099-2019Q1,2019-03-31T00:00:00Z,0,2161265445
06071-2019Q1,2019-03-31T00:00:00Z,0,9637392268
06035-2019Q1,2019-03-31T00:00:00Z,0,57335261
06059-2025Q4,2025-12-31T00:00:00Z,0,22836926358
06089-2025Q4,2025-12-31T00:00:00Z,0,1031473187
06105-2024Q1,2024-03-31T00:00:00Z,0,23028083
06093-2025Q4,2025-12-31T00:00:00Z,0,201739940
06087-2025Q4,2025-12-31T00:00:00Z,0,1280123796
06113-2025Q4,2025-12-31T00:00:00Z,0,1429339112
06095-2020Q2,2020-06-30T00:00:00Z,0,1894661920
06071-2022Q3,2022-09-30T00:00:00Z,253800,14968281587
06025-2022Q3,2022-09-30T00:00:00Z,0,800817167
06105-2022Q3,2022-09-30T00:00:00Z,800,34068207
06079-2017Q2,2017-06-30T00:00:00Z,0,1414813558
06059-2017Q2,2017-06-30T00:00:00Z,0,16397881318
06067-2017Q2,2017-06-30T00:00:00Z,0,6206599641
06051-2017Q2,2017-06-30T00:00:00Z,0,64755450
06013-2017Q2,2017-06-30T00:00:00Z,0,4204443689
06039-2017Q2,2017-06-30T00:00:00Z,0,428093272
06087-2025Q1,2025-03-31T00:00:00Z,0,1160213940
06049-2025Q1,2025-03-31T00:00:00Z,0,24755000
06017-2025Q4,2025-12-31T00:00:00Z,0,841222722
06057-2025Q1,2025-03-31T00:00:00Z,0,415090527
06047-2025Q1,2025-03-31T00:00:00Z,0,986323529
06095-2025Q4,2025-12-31T00:00:00Z,0,2719138295
06069-2021Q1,2021-03-31T00:00:00Z,0,202861025
06075-2021Q1,2021-03-31T00:00:00Z,2480,3283907639
06007-2021Q1,2021-03-31T00:00:00Z,0,996910561
06003-2022Q4,2022-12-31T00:00:00Z,0,7654019
06015-2025Q1,2025-03-31T00:00:00Z,0,81381451
06011-2022Q3,2022-09-30T00:00:00Z,0,160629484
06093-2022Q4,2022-12-31T00:00:00Z,0,217472372
06043-2025Q1,2025-03-31T00:00:00Z,0,50278316
06079-2025Q1,2025-03-31T00:00:00Z,0,1630970114
06069-2025Q1,2025-03-31T00:00:00Z,0,234017771
06075-2025Q2,2025-06-30T00:00:00Z,0,4940693481
06015-2025Q2,2025-06-30T00:00:00Z,0,97177840
06057-2025Q2,2025-06-30T00:00:00Z,0,490493912
06041-2017Q3,2017-09-30T00:00:00Z,49920,1301637332
06111-2017Q3,2017-09-30T00:00:00Z,51960,3532597100
06025-2017Q3,2017-09-30T00:00:00Z,0,588465895
06053-2017Q3,2017-09-30T00:00:00Z,69200,1903900323
06103-2020Q2,2020-06-30T00:00:00Z,0,241497317
06075-2017Q2,2017-06-30T00:00:00Z,0,4884975983
06037-2017Q2,2017-06-30T00:00:00Z,0,40062452149
06053-2017Q2,2017-06-30T00:00:00Z,0,1758327509
06047-2020Q2,2020-06-30T00:00:00Z,0,834289694
06073-2020Q2,2020-06-30T00:00:00Z,52800,12713398572
06101-2018Q4,2018-12-31T00:00:00Z,0,471070461
06055-2018Q4,2018-12-31T00:00:00Z,13820,997966003
06069-2018Q4,2018-12-31T00:00:00Z,0,182586970
06021-2023Q4,2023-12-31T00:00:00Z,0,142213078
06047-2019Q3,2019-09-30T00:00:00Z,0,847510472
06019-2019Q3,2019-09-30T00:00:00Z,92050,4190997247
06033-2016Q4,2016-12-31T00:00:00Z,0,153289535
06001-2018Q2,2018-06-30T00:00:00Z,0,8776965572
06063-2015Q2,2015-06-30T00:00:00Z,0,55857375
06065-2015Q2,2015-06-30T00:00:00Z,0,8280798361
06101-2015Q2,2015-06-30T00:00:00Z,0,434572167
06013-2017Q3,2017-09-30T00:00:00Z,67200,4162089306
06015-2024Q4,2024-12-31T00:00:00Z,0,91259929
06011-2024Q1,2024-03-31T00:00:00Z,0,111822271
06073-2024Q1,2024-03-31T00:00:00Z,0,18894738523
06015-2024Q1,2024-03-31T00:00:00Z,0,85685065
06051-2016Q2,2016-06-30T00:00:00Z,0,58926615
06115-2016Q2,2016-06-30T00:00:00Z,0,134108924
06111-2016Q2,2016-06-30T00:00:00Z,0,3464348714
06035-2025Q4,2025-12-31T00:00:00Z,0,95260318
06077-2021Q1,2021-03-31T00:00:00Z,0,4968215621
06019-2021Q1,2021-03-31T00:00:00Z,0,5093088203
06037-2021Q1,2021-03-31T00:00:00Z,43600,40509416417
06073-2025Q3,2025-09-30T00:00:00Z,0,20745738760
06019-2022Q3,2022-09-30T00:00:00Z,32160,6082463062
06091-2023Q1,2023-03-31T00:00:00Z,0,6615571
06013-2022Q3,2022-09-30T00:00:00Z,26920,5613567567
06083-2025Q3,2025-09-30T00:00:00Z,0,2532294169
06115-2025Q3,2025-09-30T00:00:00Z,0,267121295
06005-2023Q1,2023-03-31T00:00:00Z,0,136543234
06075-2023Q1,2023-03-31T00:00:00Z,0,4537671286
06105-2023Q1,2023-03-31T00:00:00Z,0,22683468
06031-2023Q1,2023-03-31T00:00:00Z,0,653538916
06039-2023Q1,2023-03-31T00:00:00Z,0,564750979
06045-2021Q4,2021-12-31T00:00:00Z,2000,480593732
06047-2021Q4,2021-12-31T00:00:00Z,0,1067206025
06093-2021Q4,2021-12-31T00:00:00Z,0,211540603
06069-2017Q1,2017-03-31T00:00:00Z,0,143006825
06017-2021Q4,2021-12-31T00:00:00Z,58640,841564270
06077-2017Q1,2017-03-31T00:00:00Z,0,2726400144
06011-2016Q2,2016-06-30T00:00:00Z,0,119781695
06023-2016Q2,2016-06-30T00:00:00Z,0,559622560
06037-2016Q2,2016-06-30T00:00:00Z,0,38618210078
06079-2022Q4,2022-12-31T00:00:00Z,54960,1829451814
06011-2023Q4,2023-12-31T00:00:00Z,0,144321399
06013-2018Q4,2018-12-31T00:00:00Z,8440,4827694183
06103-2020Q1,2020-03-31T00:00:00Z,960,218753068
06059-2020Q4,2020-12-31T00:00:00Z,22440,18257245377
06077-2025Q1,2025-03-31T00:00:00Z,0,5704678920
06017-2025Q1,2025-03-31T00:00:00Z,0,752199391
06067-2020Q4,2020-12-31T00:00:00Z,1580,7629478962
06007-2020Q4,2020-12-31T00:00:00Z,0,1054116392
06093-2020Q4,2020-12-31T00:00:00Z,0,211128398
06097-2020Q4,2020-12-31T00:00:00Z,1200,2788355408
06003-2021Q1,2021-03-31T00:00:00Z,0,5254924
06067-2021Q1,2021-03-31T00:00:00Z,800,7360941432
06073-2021Q1,2021-03-31T00:00:00Z,1200,15217945894
06087-2021Q1,2021-03-31T00:00:00Z,680,980389589
06067-2022Q2,2022-06-30T00:00:00Z,0,9293995835
06085-2022Q2,2022-06-30T00:00:00Z,0,14313050157
06115-2023Q4,2023-12-31T00:00:00Z,13600,258946008
06011-2020Q2,2020-06-30T00:00:00Z,0,143514189
06003-2025Q1,2025-03-31T00:00:00Z,0,9167515
06035-2015Q4,2015-12-31T00:00:00Z,0,73269229
06099-2015Q4,2015-12-31T00:00:00Z,3680,2156771462
06081-2015Q4,2015-12-31T00:00:00Z,8080,4332908528
06005-2025Q1,2025-03-31T00:00:00Z,0,138300402
06093-2025Q1,2025-03-31T00:00:00Z,0,170906242
06069-2024Q2,2024-06-30T00:00:00Z,0,252281215
06033-2024Q2,2024-06-30T00:00:00Z,0,212517305
06035-2025Q1,2025-03-31T00:00:00Z,0,75947887
06053-2024Q2,2024-06-30T00:00:00Z,0,2372728189
06009-2024Q2,2024-06-30T00:00:00Z,0,153275053
06017-2024Q2,2024-06-30T00:00:00Z,0,812507489
06029-2021Q1,2021-03-31T00:00:00Z,0,4198197305
06095-2021Q1,2021-03-31T00:00:00Z,0,2148239035
06091-2016Q3,2016-09-30T00:00:00Z,800,7343548
06107-2016Q3,2016-09-30T00:00:00Z,14400,1696615061
06073-2023Q2,2023-06-30T00:00:00Z,0,20289773563
06053-2023Q2,2023-06-30T00:00:00Z,0,2360885000
06031-2019Q2,2019-06-30T00:00:00Z,0,465288691
06055-2021Q1,2021-03-31T00:00:00Z,0,837646175
06047-2019Q2,2019-06-30T00:00:00Z,0,887904896
06097-2019Q2,2019-06-30T00:00:00Z,0,2562239153
06101-2021Q1,2021-03-31T00:00:00Z,0,500990993
06025-2021Q1,2021-03-31T00:00:00Z,0,721598602
06013-2019Q2,2019-06-30T00:00:00Z,0,4550200626
06017-2019Q2,2019-06-30T00:00:00Z,0,628734609
06099-2019Q2,2019-06-30T00:00:00Z,0,2466253261
06065-2019Q2,2019-06-30T00:00:00Z,0,10223398318
06043-2021Q1,2021-03-31T00:00:00Z,0,37382827
06113-2021Q1,2021-03-31T00:00:00Z,400,1192755178
06023-2019Q2,2019-06-30T00:00:00Z,0,525500888
06027-2019Q2,2019-06-30T00:00:00Z,0,95288675
06107-2023Q3,2023-09-30T00:00:00Z,0,2806657991
06015-2023Q3,2023-09-30T00:00:00Z,0,100423906
06027-2023Q3,2023-09-30T00:00:00Z,0,135672184
06065-2023Q3,2023-09-30T00:00:00Z,83360,14863202948
06099-2020Q3,2020-09-30T00:00:00Z,0,2675345567
06061-2020Q3,2020-09-30T00:00:00Z,0,2783263889
06063-2020Q3,2020-09-30T00:00:00Z,0,89902424
06021-2020Q3,2020-09-30T00:00:00Z,0,126862337
06025-2020Q3,2020-09-30T00:00:00Z,0,651689880
06051-2020Q3,2020-09-30T00:00:00Z,0,95765266
06101-2016Q1,2016-03-31T00:00:00Z,0,359595842
06065-2024Q4,2024-12-31T00:00:00Z,0,16647964398
06113-2021Q2,2021-06-30T00:00:00Z,0,1372186771
06037-2021Q2,2021-06-30T00:00:00Z,1017614,48680578864
06067-2021Q2,2021-06-30T00:00:00Z,2760,8771724410
06001-2021Q2,2021-06-30T00:00:00Z,24640,9399189703
06013-2023Q1,2023-03-31T00:00:00Z,0,5112500242
06111-2023Q1,2023-03-31T00:00:00Z,0,4469148448
06107-2020Q3,2020-09-30T00:00:00Z,0,2531729630
06031-2020Q3,2020-09-30T00:00:00Z,0,557907238
06079-2019Q1,2019-03-31T00:00:00Z,0,1162348025
06085-2022Q1,2022-03-31T00:00:00Z,0,13262208593
06029-2022Q1,2022-03-31T00:00:00Z,0,4950183648
06115-2022Q1,2022-03-31T00:00:00Z,0,241432106
06115-2024Q1,2024-03-31T00:00:00Z,0,229013643
06081-2024Q1,2024-03-31T00:00:00Z,0,4994120371
06071-2024Q1,2024-03-31T00:00:00Z,0,13880296420
06097-2024Q1,2024-03-31T00:00:00Z,0,2620283668
06083-2024Q1,2024-03-31T00:00:00Z,0,2212993856
06093-2024Q1,2024-03-31T00:00:00Z,0,175436216
06031-2025Q1,2025-03-31T00:00:00Z,0,552855100
06109-2025Q1,2025-03-31T00:00:00Z,0,223488330
06013-2025Q1,2025-03-31T00:00:00Z,0,5180257572
06063-2025Q1,2025-03-31T00:00:00Z,0,62398356
06079-2016Q4,2016-12-31T00:00:00Z,55600,1305946431
06051-2017Q3,2017-09-30T00:00:00Z,7200,90426491
06031-2017Q3,2017-09-30T00:00:00Z,800,450519283
06071-2015Q4,2015-12-31T00:00:00Z,2491680,9614320202
06017-2022Q1,2022-03-31T00:00:00Z,0,782345975
06053-2024Q3,2024-09-30T00:00:00Z,0,2491626086
06023-2024Q3,2024-09-30T00:00:00Z,0,597127469
06045-2017Q3,2017-09-30T00:00:00Z,11600,391120789
06105-2024Q3,2024-09-30T00:00:00Z,0,32593725
06109-2024Q3,2024-09-30T00:00:00Z,0,259737950
06055-2024Q3,2024-09-30T00:00:00Z,0,1155638922
06059-2015Q4,2015-12-31T00:00:00Z,653512,16560510512
06053-2015Q4,2015-12-31T00:00:00Z,5440,1662266278
06101-2015Q4,2015-12-31T00:00:00Z,0,420768537
06029-2015Q4,2015-12-31T00:00:00Z,26080,3645129823
06109-2015Q4,2015-12-31T00:00:00Z,0,167159120
06095-2015Q4,2015-12-31T00:00:00Z,960,1885966284
06097-2020Q2,2020-06-30T00:00:00Z,200,2194567645
06085-2020Q2,2020-06-30T00:00:00Z,1600,10234375572
06091-2020Q2,2020-06-30T00:00:00Z,0,4836037
06089-2020Q2,2020-06-30T00:00:00Z,400,872287789
06041-2025Q2,2025-06-30T00:00:00Z,0,1683359745
06019-2025Q2,2025-06-30T00:00:00Z,0,6038459688
06025-2025Q2,2025-06-30T00:00:00Z,0,877853220
06109-2024Q2,2024-06-30T00:00:00Z,0,256062679
06103-2024Q2,2024-06-30T00:00:00Z,0,322383667
06017-2020Q2,2020-06-30T00:00:00Z,0,612208327
06061-2020Q2,2020-06-30T00:00:00Z,0,2292777521
06029-2025Q2,2025-06-30T00:00:00Z,0,5736402032
06087-2020Q2,2020-06-30T00:00:00Z,400,876908100
06111-2024Q1,2024-03-31T00:00:00Z,0,4598729526
06101-2024Q1,2024-03-31T00:00:00Z,0,501033244
06017-2024Q1,2024-03-31T00:00:00Z,0,740829113
06077-2025Q2,2025-06-30T00:00:00Z,0,6583357491
06007-2025Q2,2025-06-30T00:00:00Z,0,1108529620
06107-2025Q2,2025-06-30T00:00:00Z,0,2661307927
06039-2025Q2,2025-06-30T00:00:00Z,0,653706464
06083-2025Q2,2025-06-30T00:00:00Z,0,2515389787
06113-2025Q2,2025-06-30T00:00:00Z,0,1453906452
06017-2017Q3,2017-09-30T00:00:00Z,129600,623954938
06083-2017Q3,2017-09-30T00:00:00Z,73836,1838346375
06101-2017Q3,2017-09-30T00:00:00Z,0,437850804
06009-2017Q3,2017-09-30T00:00:00Z,45200,110185735
06053-2025Q2,2025-06-30T00:00:00Z,0,2555660827
06061-2025Q2,2025-06-30T00:00:00Z,0,3509830281
06073-2025Q2,2025-06-30T00:00:00Z,0,20668769425
06091-2025Q2,2025-06-30T00:00:00Z,0,8882236
06049-2025Q2,2025-06-30T00:00:00Z,0,31400722
06005-2025Q2,2025-06-30T00:00:00Z,0,152991387
06027-2025Q2,2025-06-30T00:00:00Z,0,124045982
06081-2025Q2,2025-06-30T00:00:00Z,0,5725148130
06001-2025Q4,2025-12-31T00:00:00Z,0,10438369732
06081-2025Q4,2025-12-31T00:00:00Z,0,6329112214
06105-2025Q4,2025-12-31T00:00:00Z,0,28626744
06013-2016Q2,2016-06-30T00:00:00Z,0,3985803308
06017-2016Q2,2016-06-30T00:00:00Z,0,536235409
06009-2016Q2,2016-06-30T00:00:00Z,0,100721695
06089-2016Q2,2016-06-30T00:00:00Z,0,769580776
06083-2016Q3,2016-09-30T00:00:00Z,80541,1782252335
06085-2016Q3,2016-09-30T00:00:00Z,2080240,10551288612
06005-2016Q3,2016-09-30T00:00:00Z,1200,113630697
06069-2016Q3,2016-09-30T00:00:00Z,0,190347839
06025-2016Q3,2016-09-30T00:00:00Z,400,627995174
06029-2022Q2,2022-06-30T00:00:00Z,0,6079933117
06095-2022Q2,2022-06-30T00:00:00Z,0,2615576440
06045-2018Q3,2018-09-30T00:00:00Z,7200,398143327
06025-2021Q3,2021-09-30T00:00:00Z,800,752947605
06051-2021Q3,2021-09-30T00:00:00Z,6000,116447257
06091-2021Q3,2021-09-30T00:00:00Z,0,8570045
06087-2021Q3,2021-09-30T00:00:00Z,27600,1198681119
06021-2022Q2,2022-06-30T00:00:00Z,0,179393054
06111-2022Q2,2022-06-30T00:00:00Z,0,4815703322
06055-2022Q2,2022-06-30T00:00:00Z,0,1217153753
06103-2022Q1,2022-03-31T00:00:00Z,0,271842031
06091-2022Q1,2022-03-31T00:00:00Z,0,7038401
06095-2022Q1,2022-03-31T00:00:00Z,0,2432414761
06031-2022Q2,2022-06-30T00:00:00Z,0,649046040
06063-2022Q2,2022-06-30T00:00:00Z,0,94602309
06107-2022Q2,2022-06-30T00:00:00Z,0,2931401473
06019-2022Q2,2022-06-30T00:00:00Z,0,6273144502
06071-2022Q1,2022-03-31T00:00:00Z,0,13993330460
06101-2022Q2,2022-06-30T00:00:00Z,0,626814553
06077-2022Q2,2022-06-30T00:00:00Z,0,6033230972
06103-2022Q2,2022-06-30T00:00:00Z,0,308175254
06093-2022Q2,2022-06-30T00:00:00Z,0,223496570
06049-2015Q1,2015-03-31T00:00:00Z,0,19054286
06019-2024Q4,2024-12-31T00:00:00Z,0,6074269121
06081-2015Q1,2015-03-31T00:00:00Z,0,3530904268
06023-2015Q4,2015-12-31T00:00:00Z,32080,532675224
06111-2015Q4,2015-12-31T00:00:00Z,34720,3681622604
06017-2015Q4,2015-12-31T00:00:00Z,61200,550916752
06037-2016Q3,2016-09-30T00:00:00Z,3242204,38724250155
06065-2016Q3,2016-09-30T00:00:00Z,16800,8411505517
06103-2015Q4,2015-12-31T00:00:00Z,0,197784394
06061-2016Q3,2016-09-30T00:00:00Z,26400,2270226021
06017-2016Q3,2016-09-30T00:00:00Z,134800,583581606
06071-2016Q3,2016-09-30T00:00:00Z,410160,9178428910
06037-2023Q2,2023-06-30T00:00:00Z,0,52443126615
06109-2023Q2,2023-06-30T00:00:00Z,0,265025747
06083-2023Q2,2023-06-30T00:00:00Z,0,2481042805
06071-2023Q2,2023-06-30T00:00:00Z,0,14495650338
06039-2020Q1,2020-03-31T00:00:00Z,0,414646596
06007-2020Q1,2020-03-31T00:00:00Z,15040,859994633
06111-2020Q1,2020-03-31T00:00:00Z,21960,3277137578
06071-2020Q1,2020-03-31T00:00:00Z,66840,9741132031
06023-2020Q1,2020-03-31T00:00:00Z,18960,467799705
06029-2016Q3,2016-09-30T00:00:00Z,55920,3457511281
06031-2016Q3,2016-09-30T00:00:00Z,0,429477057
06057-2016Q3,2016-09-30T00:00:00Z,0,363393180
06045-2016Q3,2016-09-30T00:00:00Z,800,382263985
06099-2016Q3,2016-09-30T00:00:00Z,38240,2196529233
06059-2016Q3,2016-09-30T00:00:00Z,1240248,15953021595
06015-2016Q3,2016-09-30T00:00:00Z,0,69872288
06107-2023Q2,2023-06-30T00:00:00Z,0,2928496486
06023-2023Q2,2023-06-30T00:00:00Z,0,587426164
06017-2023Q2,2023-06-30T00:00:00Z,0,816400611
06105-2023Q2,2023-06-30T00:00:00Z,0,32315262
06099-2023Q2,2023-06-30T00:00:00Z,0,3293714636
06005-2023Q2,2023-06-30T00:00:00Z,0,157615116
06067-2015Q4,2015-12-31T00:00:00Z,197840,5883441054
06063-2022Q1,2022-03-31T00:00:00Z,0,71624688
06093-2022Q1,2022-03-31T00:00:00Z,0,190519007
06079-2022Q1,2022-03-31T00:00:00Z,0,1640908754
06073-2016Q1,2016-03-31T00:00:00Z,0,12832239927
06037-2016Q4,2016-12-31T00:00:00Z,2598765,41487947866
06039-2016Q4,2016-12-31T00:00:00Z,0,379165227
06025-2016Q4,2016-12-31T00:00:00Z,0,691652610
06105-2016Q4,2016-12-31T00:00:00Z,2000,27134461
06077-2016Q4,2016-12-31T00:00:00Z,21760,2966701328
06061-2023Q3,2023-09-30T00:00:00Z,0,3359363186
06029-2025Q1,2025-03-31T00:00:00Z,0,5236874742
06041-2025Q1,2025-03-31T00:00:00Z,0,1527230264
06067-2025Q3,2025-09-30T00:00:00Z,0,9216917572
06067-2016Q4,2016-12-31T00:00:00Z,1254380,6164367320
06035-2025Q3,2025-09-30T00:00:00Z,0,96806917
06061-2025Q3,2025-09-30T00:00:00Z,0,3468009750
06097-2025Q1,2025-03-31T00:00:00Z,0,2606187714
06007-2025Q1,2025-03-31T00:00:00Z,0,965083127
06027-2025Q1,2025-03-31T00:00:00Z,0,113943357
06069-2025Q3,2025-09-30T00:00:00Z,0,291757036
06025-2025Q3,2025-09-30T00:00:00Z,0,845142810
06083-2016Q4,2016-12-31T00:00:00Z,66886,1824521720
06035-2016Q4,2016-12-31T00:00:00Z,0,72729991
06061-2016Q4,2016-12-31T00:00:00Z,4000,2417464798
06113-2016Q4,2016-12-31T00:00:00Z,11280,1026559585
06103-2016Q4,2016-12-31T00:00:00Z,0,199421795
06005-2016Q4,2016-12-31T00:00:00Z,0,119651440
06081-2016Q4,2016-12-31T00:00:00Z,7960,4394701634
06019-2016Q2,2016-06-30T00:00:00Z,0,3627859120
06025-2017Q1,2017-03-31T00:00:00Z,0,587425874
06091-2017Q1,2017-03-31T00:00:00Z,0,3605363
06085-2017Q1,2017-03-31T00:00:00Z,0,9639404478
06067-2019Q4,2019-12-31T00:00:00Z,1780340,7307671783
06053-2019Q4,2019-12-31T00:00:00Z,14960,1925317030
06043-2019Q4,2019-12-31T00:00:00Z,0,53500252
06077-2019Q4,2019-12-31T00:00:00Z,7200,3892593405
06005-2016Q2,2016-06-30T00:00:00Z,0,115511086
06093-2015Q2,2015-06-30T00:00:00Z,0,152208274
06025-2015Q2,2015-06-30T00:00:00Z,0,689092747
06057-2016Q2,2016-06-30T00:00:00Z,0,336405802
06043-2016Q2,2016-06-30T00:00:00Z,0,52825083
06087-2016Q2,2016-06-30T00:00:00Z,0,925473284
06019-2017Q3,2017-09-30T00:00:00Z,109055,3781191372
06021-2017Q3,2017-09-30T00:00:00Z,0,108757916
06043-2017Q3,2017-09-30T00:00:00Z,0,68064383
06081-2017Q3,2017-09-30T00:00:00Z,8840,4271410652
06001-2017Q3,2017-09-30T00:00:00Z,655318,8292861306
06073-2020Q1,2020-03-31T00:00:00Z,474328,13650713582
06031-2020Q1,2020-03-31T00:00:00Z,0,471673844
06107-2020Q1,2020-03-31T00:00:00Z,5020,1951787568
06091-2020Q1,2020-03-31T00:00:00Z,0,4436130
06027-2015Q3,2015-09-30T00:00:00Z,0,92497179
06021-2018Q1,2018-03-31T00:00:00Z,0,97117830
06095-2015Q3,2015-09-30T00:00:00Z,960,1800325497
06005-2015Q3,2015-09-30T00:00:00Z,800,113656260
06001-2017Q2,2017-06-30T00:00:00Z,0,8165305296
06055-2017Q2,2017-06-30T00:00:00Z,0,916688931
06035-2017Q2,2017-06-30T00:00:00Z,0,76997862
06071-2022Q2,2022-06-30T00:00:00Z,0,15304254528
06051-2022Q2,2022-06-30T00:00:00Z,0,97337979
06027-2022Q4,2022-12-31T00:00:00Z,0,119768891
06085-2022Q4,2022-12-31T00:00:00Z,886920,15621611257
06115-2018Q4,2018-12-31T00:00:00Z,19200,160891397
06081-2018Q4,2018-12-31T00:00:00Z,7920,4872276197
06077-2018Q4,2018-12-31T00:00:00Z,3360,3717846561
06025-2018Q4,2018-12-31T00:00:00Z,0,726524577
06051-2018Q4,2018-12-31T00:00:00Z,400,74804812
06003-2025Q2,2025-06-30T00:00:00Z,0,6965454
06027-2017Q1,2017-03-31T00:00:00Z,0,78589902
06033-2017Q1,2017-03-31T00:00:00Z,0,137557048
06003-2017Q1,2017-03-31T00:00:00Z,0,12055045
06097-2017Q1,2017-03-31T00:00:00Z,0,2064475577
06063-2019Q4,2019-12-31T00:00:00Z,0,62023367
06031-2019Q4,2019-12-31T00:00:00Z,400,485879579
06021-2023Q2,2023-06-30T00:00:00Z,0,172572834
06079-2020Q1,2020-03-31T00:00:00Z,5200,1188753874
06063-2015Q3,2015-09-30T00:00:00Z,70400,65002231
06081-2015Q3,2015-09-30T00:00:00Z,11360,3924575910
06011-2015Q3,2015-09-30T00:00:00Z,400,97879710
06015-2020Q1,2020-03-31T00:00:00Z,0,57178450
06063-2020Q1,2020-03-31T00:00:00Z,0,45943843
06005-2025Q4,2025-12-31T00:00:00Z,0,149247249
06049-2025Q4,2025-12-31T00:00:00Z,0,29761717
06047-2025Q4,2025-12-31T00:00:00Z,0,1111254602
06115-2025Q4,2025-12-31T00:00:00Z,0,266955675
06009-2025Q4,2025-12-31T00:00:00Z,0,141772076
06103-2021Q3,2021-09-30T00:00:00Z,4000,291535868
06095-2023Q4,2023-12-31T00:00:00Z,1920,2749715039
06063-2023Q4,2023-12-31T00:00:00Z,0,92906179
06091-2023Q3,2023-09-30T00:00:00Z,0,9779194
06011-2023Q3,2023-09-30T00:00:00Z,0,170755623
06055-2023Q4,2023-12-31T00:00:00Z,26260,1209674741
06029-2023Q4,2023-12-31T00:00:00Z,52800,6432811518
06093-2023Q4,2023-12-31T00:00:00Z,0,211710655
06031-2022Q1,2022-03-31T00:00:00Z,0,606609769
06101-2022Q1,2022-03-31T00:00:00Z,0,542362512
06079-2023Q1,2023-03-31T00:00:00Z,0,1521220754
06101-2023Q1,2023-03-31T00:00:00Z,0,513522966
06109-2023Q1,2023-03-31T00:00:00Z,0,220084363
06103-2015Q2,2015-06-30T00:00:00Z,0,201202686
06011-2015Q2,2015-06-30T00:00:00Z,0,120163067
06081-2016Q1,2016-03-31T00:00:00Z,0,3554895042
06015-2016Q1,2016-03-31T00:00:00Z,0,55196142
06057-2016Q1,2016-03-31T00:00:00Z,0,287001736
06087-2016Q1,2016-03-31T00:00:00Z,0,814162964
06077-2022Q1,2022-03-31T00:00:00Z,0,5479470571
06053-2022Q1,2022-03-31T00:00:00Z,0,2034587059
06075-2025Q3,2025-09-30T00:00:00Z,0,4940505889
06029-2025Q3,2025-09-30T00:00:00Z,0,5544681355
06039-2017Q4,2017-12-31T00:00:00Z,0,410786856
06069-2022Q2,2022-06-30T00:00:00Z,0,256921701
06055-2024Q4,2024-12-31T00:00:00Z,0,1196629360
06023-2024Q4,2024-12-31T00:00:00Z,0,593575782
06085-2024Q4,2024-12-31T00:00:00Z,0,15736897571
06067-2016Q3,2016-09-30T00:00:00Z,75340,5896011420
06077-2016Q3,2016-09-30T00:00:00Z,18720,2843100638
06061-2023Q1,2023-03-31T00:00:00Z,0,2955168808
06053-2021Q4,2021-12-31T00:00:00Z,10720,2308336451
06033-2017Q3,2017-09-30T00:00:00Z,400,159630171
06087-2021Q4,2021-12-31T00:00:00Z,44040,1209290367
06039-2021Q4,2021-12-31T00:00:00Z,400,610849793
06103-2021Q4,2021-12-31T00:00:00Z,0,289451522
06099-2021Q4,2021-12-31T00:00:00Z,18560,3207910540
06107-2021Q4,2021-12-31T00:00:00Z,3860,3219914009
06095-2020Q1,2020-03-31T00:00:00Z,1920,1842597931
06027-2020Q1,2020-03-31T00:00:00Z,0,80318264
06037-2020Q1,2020-03-31T00:00:00Z,1734989,38140085999
06099-2017Q4,2017-12-31T00:00:00Z,3840,2342128379
06021-2017Q4,2017-12-31T00:00:00Z,800,104610589
06003-2023Q4,2023-12-31T00:00:00Z,0,10925991
06081-2023Q4,2023-12-31T00:00:00Z,51480,6012193018
06073-2023Q4,2023-12-31T00:00:00Z,1949360,21228232496
06033-2023Q4,2023-12-31T00:00:00Z,0,219391679
06041-2023Q4,2023-12-31T00:00:00Z,25760,1726638029
06087-2023Q4,2023-12-31T00:00:00Z,76320,1274745699
06083-2023Q4,2023-12-31T00:00:00Z,48497,2572661973
06085-2023Q4,2023-12-31T00:00:00Z,607520,15215210366
06065-2023Q4,2023-12-31T00:00:00Z,770154,16588363419
06005-2018Q4,2018-12-31T00:00:00Z,2720,126224670
06003-2018Q4,2018-12-31T00:00:00Z,0,15391787
06021-2018Q4,2018-12-31T00:00:00Z,0,114784455
06051-2024Q1,2024-03-31T00:00:00Z,0,117113380
06089-2022Q2,2022-06-30T00:00:00Z,0,1083848731
06025-2022Q2,2022-06-30T00:00:00Z,0,847637852
06065-2022Q2,2022-06-30T00:00:00Z,0,15848827348
06057-2022Q2,2022-06-30T00:00:00Z,0,508200167
06073-2018Q3,2018-09-30T00:00:00Z,1163117,14810664568
06077-2018Q3,2018-09-30T00:00:00Z,2560,3399335897
06093-2018Q3,2018-09-30T00:00:00Z,6400,155371685
06033-2019Q2,2019-06-30T00:00:00Z,0,169135280
06007-2021Q3,2021-09-30T00:00:00Z,800,1130296216
06063-2017Q1,2017-03-31T00:00:00Z,0,43152405
06107-2017Q1,2017-03-31T00:00:00Z,0,1610466809
06009-2019Q2,2019-06-30T00:00:00Z,0,110844137
06019-2019Q2,2019-06-30T00:00:00Z,0,4135071158
06087-2019Q2,2019-06-30T00:00:00Z,0,1032758258
06101-2019Q2,2019-06-30T00:00:00Z,0,487743470
06099-2021Q3,2021-09-30T00:00:00Z,18080,3168083922
06021-2021Q3,2021-09-30T00:00:00Z,0,149468852
06097-2021Q3,2021-09-30T00:00:00Z,223680,2974817016
06073-2024Q4,2024-12-31T00:00:00Z,0,21566265715
06093-2024Q4,2024-12-31T00:00:00Z,0,202174098
06103-2023Q2,2023-06-30T00:00:00Z,0,284857144
06051-2024Q4,2024-12-31T00:00:00Z,0,108715484
06043-2024Q4,2024-12-31T00:00:00Z,0,63982582
06091-2023Q2,2023-06-30T00:00:00Z,0,8214163
06111-2023Q2,2023-06-30T00:00:00Z,0,4968103869
06049-2023Q2,2023-06-30T00:00:00Z,0,32017223
06061-2023Q2,2023-06-30T00:00:00Z,0,3304827198
06113-2017Q1,2017-03-31T00:00:00Z,0,912003584
06009-2017Q1,2017-03-31T00:00:00Z,0,87373772
06057-2017Q1,2017-03-31T00:00:00Z,0,300139165
06045-2017Q1,2017-03-31T00:00:00Z,0,311417856
06115-2017Q1,2017-03-31T00:00:00Z,0,124595323
06027-2020Q3,2020-09-30T00:00:00Z,0,106799532
06075-2020Q3,2020-09-30T00:00:00Z,8560,3449247390
06101-2020Q3,2020-09-30T00:00:00Z,0,509003916
06043-2020Q3,2020-09-30T00:00:00Z,0,51040625
06045-2020Q3,2020-09-30T00:00:00Z,0,495681600
06067-2020Q3,2020-09-30T00:00:00Z,1600,7210902175
06063-2018Q1,2018-03-31T00:00:00Z,0,38646555
06007-2022Q2,2022-06-30T00:00:00Z,0,1236567598
06101-2017Q2,2017-06-30T00:00:00Z,0,457545848
06003-2017Q2,2017-06-30T00:00:00Z,0,9221895
06047-2022Q2,2022-06-30T00:00:00Z,0,1151083316
06007-2019Q3,2019-09-30T00:00:00Z,4880,969382331
06005-2019Q3,2019-09-30T00:00:00Z,2960,123364188
06019-2017Q2,2017-06-30T00:00:00Z,0,3767915790
06049-2017Q2,2017-06-30T00:00:00Z,0,23552714
06069-2019Q3,2019-09-30T00:00:00Z,0,203654738
06013-2019Q3,2019-09-30T00:00:00Z,148320,4514563773
06073-2024Q2,2024-06-30T00:00:00Z,0,20391598077
06007-2024Q2,2024-06-30T00:00:00Z,0,1095940612
06113-2023Q4,2023-12-31T00:00:00Z,3280,1531193293
06025-2018Q1,2018-03-31T00:00:00Z,0,803819955
06039-2018Q1,2018-03-31T00:00:00Z,0,368801597
06071-2019Q4,2019-12-31T00:00:00Z,1055480,11302284908
06079-2019Q4,2019-12-31T00:00:00Z,49520,1464136026
06075-2018Q1,2018-03-31T00:00:00Z,0,4619065916
06005-2019Q4,2019-12-31T00:00:00Z,4080,134950179
06043-2024Q2,2024-06-30T00:00:00Z,0,78961019
06019-2019Q1,2019-03-31T00:00:00Z,0,3592240092
06005-2024Q2,2024-06-30T00:00:00Z,0,156878486
06079-2024Q2,2024-06-30T00:00:00Z,0,1776359433
06055-2024Q2,2024-06-30T00:00:00Z,0,1181673206
06001-2019Q1,2019-03-31T00:00:00Z,0,7857635568
06027-2019Q1,2019-03-31T00:00:00Z,0,79103020
06059-2019Q1,2019-03-31T00:00:00Z,0,15818902625
06091-2025Q4,2025-12-31T00:00:00Z,0,9729773
06107-2025Q4,2025-12-31T00:00:00Z,0,2662921768
06045-2025Q4,2025-12-31T00:00:00Z,0,424235355
06101-2025Q4,2025-12-31T00:00:00Z,0,572291468
06003-2025Q4,2025-12-31T00:00:00Z,0,7397964
06073-2015Q3,2015-09-30T00:00:00Z,2165583,13901184475
06107-2019Q2,2019-06-30T00:00:00Z,0,1990118616
06089-2019Q2,2019-06-30T00:00:00Z,0,894606929
06109-2019Q2,2019-06-30T00:00:00Z,0,197661926
06045-2019Q2,2019-06-30T00:00:00Z,0,416198041
06035-2019Q2,2019-06-30T00:00:00Z,0,71077818
06109-2015Q3,2015-09-30T00:00:00Z,800,172749336
06107-2015Q3,2015-09-30T00:00:00Z,9240,1576366252
06043-2015Q3,2015-09-30T00:00:00Z,0,61091891
06111-2015Q3,2015-09-30T00:00:00Z,72880,3522884048
06089-2015Q3,2015-09-30T00:00:00Z,6312,741983363
06033-2015Q3,2015-09-30T00:00:00Z,1360,145397843
06047-2024Q1,2024-03-31T00:00:00Z,0,968924351
06075-2024Q1,2024-03-31T00:00:00Z,0,4479345305
06033-2024Q1,2024-03-31T00:00:00Z,0,177746175
06021-2024Q1,2024-03-31T00:00:00Z,0,128171759
06009-2024Q1,2024-03-31T00:00:00Z,0,131165139
06049-2024Q1,2024-03-31T00:00:00Z,0,22993293
06057-2024Q1,2024-03-31T00:00:00Z,0,413750594
06013-2021Q4,2021-12-31T00:00:00Z,17720,5661356424
06101-2021Q4,2021-12-31T00:00:00Z,0,601964869
06041-2020Q2,2020-06-30T00:00:00Z,2400,1093450672
06001-2020Q1,2020-03-31T00:00:00Z,409392,7695328133
06097-2022Q4,2022-12-31T00:00:00Z,554960,3172489951
06035-2020Q1,2020-03-31T00:00:00Z,0,61641969
06059-2020Q1,2020-03-31T00:00:00Z,403376,15332433777
06095-2022Q4,2022-12-31T00:00:00Z,3840,2733752555
06019-2020Q1,2020-03-31T00:00:00Z,213390,3731573730
06049-2020Q1,2020-03-31T00:00:00Z,960,23154126
06083-2020Q2,2020-06-30T00:00:00Z,23123,1636270888
06037-2020Q2,2020-06-30T00:00:00Z,407114,33746826645
06077-2020Q2,2020-06-30T00:00:00Z,960,3631646461
06013-2020Q2,2020-06-30T00:00:00Z,400,4000689267
06107-2015Q2,2015-06-30T00:00:00Z,0,1624373076
06035-2015Q3,2015-09-30T00:00:00Z,0,81506256
06019-2023Q2,2023-06-30T00:00:00Z,0,6140652806
06051-2015Q3,2015-09-30T00:00:00Z,2240,78409974
06001-2015Q3,2015-09-30T00:00:00Z,273608,7681124793
06085-2023Q2,2023-06-30T00:00:00Z,0,14060085186
06095-2023Q2,2023-06-30T00:00:00Z,0,2635870244
06031-2023Q2,2023-06-30T00:00:00Z,0,622764438
06089-2023Q2,2023-06-30T00:00:00Z,0,1051911057
06001-2023Q2,2023-06-30T00:00:00Z,0,10174505552
06065-2023Q2,2023-06-30T00:00:00Z,0,15431520159
06075-2023Q2,2023-06-30T00:00:00Z,0,4757258402
06059-2017Q3,2017-09-30T00:00:00Z,2063152,16385980551
06079-2017Q3,2017-09-30T00:00:00Z,183360,1324050530
06097-2017Q3,2017-09-30T00:00:00Z,99640,2447311883
06085-2017Q3,2017-09-30T00:00:00Z,2434240,10862757867
06037-2021Q4,2021-12-31T00:00:00Z,5611380,53580732827
06113-2015Q3,2015-09-30T00:00:00Z,31040,1066247407
06023-2015Q3,2015-09-30T00:00:00Z,33160,528124774
06097-2015Q3,2015-09-30T00:00:00Z,86960,2250013683
06055-2015Q3,2015-09-30T00:00:00Z,47020,851419143
06029-2015Q3,2015-09-30T00:00:00Z,40160,3547092532
06019-2015Q3,2015-09-30T00:00:00Z,112320,3620846820
06087-2015Q3,2015-09-30T00:00:00Z,34960,940845776
06063-2021Q4,2021-12-31T00:00:00Z,640,92916506
06081-2021Q4,2021-12-31T00:00:00Z,11520,5577461186
06049-2021Q4,2021-12-31T00:00:00Z,0,29121358
06079-2017Q4,2017-12-31T00:00:00Z,14800,1457179111
06029-2017Q4,2017-12-31T00:00:00Z,57760,3722838733
06115-2017Q4,2017-12-31T00:00:00Z,19200,150801413
06017-2021Q3,2021-09-30T00:00:00Z,400,783232871
06027-2021Q3,2021-09-30T00:00:00Z,12800,163618782
06109-2021Q3,2021-09-30T00:00:00Z,400,249892831
06019-2021Q3,2021-09-30T00:00:00Z,93660,5876261413
06075-2021Q3,2021-09-30T00:00:00Z,392962,4347435170
06077-2021Q3,2021-09-30T00:00:00Z,3440,5615221917
06073-2018Q2,2018-06-30T00:00:00Z,0,14823249633
06079-2016Q3,2016-09-30T00:00:00Z,184000,1301586751
06001-2016Q3,2016-09-30T00:00:00Z,725736,7989349768
06075-2016Q3,2016-09-30T00:00:00Z,6505922,4799480208
06011-2018Q4,2018-12-31T00:00:00Z,0,103991974
06075-2018Q4,2018-12-31T00:00:00Z,4727754,5498212643
06039-2018Q4,2018-12-31T00:00:00Z,400,422563958
06089-2018Q4,2018-12-31T00:00:00Z,6712,880423125
06047-2023Q1,2023-03-31T00:00:00Z,0,984254718
06069-2023Q1,2023-03-31T00:00:00Z,0,221226500
06085-2023Q1,2023-03-31T00:00:00Z,0,13202935727
06007-2023Q1,2023-03-31T00:00:00Z,0,1015793180
06017-2023Q1,2023-03-31T00:00:00Z,0,731872141
06055-2023Q1,2023-03-31T00:00:00Z,0,1029945053
06015-2023Q1,2023-03-31T00:00:00Z,0,87237860
06001-2023Q1,2023-03-31T00:00:00Z,0,10625768421
06059-2024Q1,2024-03-31T00:00:00Z,0,20115148552
06063-2024Q1,2024-03-31T00:00:00Z,0,62592546
06095-2017Q4,2017-12-31T00:00:00Z,2880,2064773781
06069-2016Q4,2016-12-31T00:00:00Z,0,167302903
06097-2017Q2,2017-06-30T00:00:00Z,0,2395618152
06073-2018Q1,2018-03-31T00:00:00Z,0,13690745685
06037-2018Q1,2018-03-31T00:00:00Z,0,38522539105
06061-2018Q1,2018-03-31T00:00:00Z,0,2227717707
06083-2018Q1,2018-03-31T00:00:00Z,0,1612907708
06011-2024Q4,2024-12-31T00:00:00Z,0,123800285
06009-2016Q1,2016-03-31T00:00:00Z,0,80619489
06075-2016Q1,2016-03-31T00:00:00Z,0,4490256774
06039-2016Q1,2016-03-31T00:00:00Z,0,350455085
06023-2023Q3,2023-09-30T00:00:00Z,7360,605481202
06017-2023Q3,2023-09-30T00:00:00Z,1600,885099947
06057-2015Q4,2015-12-31T00:00:00Z,400,341262449
06073-2022Q3,2022-09-30T00:00:00Z,1077003,20457735805
06089-2019Q1,2019-03-31T00:00:00Z,0,750646114
06089-2016Q1,2016-03-31T00:00:00Z,0,676032767
06001-2016Q1,2016-03-31T00:00:00Z,0,7029210264
06021-2016Q1,2016-03-31T00:00:00Z,0,79851440
06061-2022Q3,2022-09-30T00:00:00Z,93600,3382152509
06009-2022Q3,2022-09-30T00:00:00Z,32400,167928272
06097-2016Q1,2016-03-31T00:00:00Z,0,1998379171
06003-2016Q1,2016-03-31T00:00:00Z,0,14334791
06037-2022Q3,2022-09-30T00:00:00Z,7075158,53064848485
06093-2022Q3,2022-09-30T00:00:00Z,0,228589068
06045-2022Q3,2022-09-30T00:00:00Z,6400,491340339
06029-2019Q1,2019-03-31T00:00:00Z,0,3645797570
06009-2019Q1,2019-03-31T00:00:00Z,0,87258124
06003-2015Q2,2015-06-30T00:00:00Z,0,9112267
06057-2019Q1,2019-03-31T00:00:00Z,0,299757281
06069-2019Q1,2019-03-31T00:00:00Z,0,150586948
06097-2025Q2,2025-06-30T00:00:00Z,0,2995868467
06041-2024Q3,2024-09-30T00:00:00Z,0,1646821038
06061-2021Q4,2021-12-31T00:00:00Z,12800,3343581848
06055-2021Q4,2021-12-31T00:00:00Z,14820,1175350606
06035-2021Q4,2021-12-31T00:00:00Z,0,99548888
06083-2021Q4,2021-12-31T00:00:00Z,53404,2466772511
06105-2021Q4,2021-12-31T00:00:00Z,2560,35028558
06113-2021Q4,2021-12-31T00:00:00Z,0,1418027699
06011-2021Q4,2021-12-31T00:00:00Z,0,141815657
06069-2021Q4,2021-12-31T00:00:00Z,0,255207569
06009-2019Q4,2019-12-31T00:00:00Z,0,117067921
06055-2019Q4,2019-12-31T00:00:00Z,17840,1006729590
06037-2019Q4,2019-12-31T00:00:00Z,5327004,47058249344
06047-2019Q4,2019-12-31T00:00:00Z,0,898838675
06045-2019Q4,2019-12-31T00:00:00Z,2560,432988415
06065-2019Q4,2019-12-31T00:00:00Z,2193558,11226739903
06067-2025Q2,2025-06-30T00:00:00Z,0,9390760716
06105-2025Q2,2025-06-30T00:00:00Z,0,30149790
06095-2024Q3,2024-09-30T00:00:00Z,0,2558888895
06115-2024Q3,2024-09-30T00:00:00Z,0,277211145
06067-2024Q3,2024-09-30T00:00:00Z,0,9134458269
06109-2025Q2,2025-06-30T00:00:00Z,0,265235895
06019-2020Q2,2020-06-30T00:00:00Z,960,4111721364
06029-2020Q2,2020-06-30T00:00:00Z,0,3738971624
06021-2020Q4,2020-12-31T00:00:00Z,0,123454212
06107-2020Q4,2020-12-31T00:00:00Z,400,2974438125
06049-2020Q4,2020-12-31T00:00:00Z,0,27910219
06045-2020Q4,2020-12-31T00:00:00Z,0,490529890
06021-2023Q1,2023-03-31T00:00:00Z,0,131934078
06021-2020Q1,2020-03-31T00:00:00Z,0,112904055
06077-2024Q4,2024-12-31T00:00:00Z,0,6632614485
06093-2018Q1,2018-03-31T00:00:00Z,0,118434747
06107-2021Q2,2021-06-30T00:00:00Z,0,2773168969
06087-2020Q1,2020-03-31T00:00:00Z,41040,877630948
06051-2020Q1,2020-03-31T00:00:00Z,800,72406928
06077-2020Q1,2020-03-31T00:00:00Z,24560,3363885983
06045-2020Q1,2020-03-31T00:00:00Z,11200,359950406
06085-2015Q4,2015-12-31T00:00:00Z,930880,11327571671
06049-2015Q4,2015-12-31T00:00:00Z,960,21809444
06065-2019Q3,2019-09-30T00:00:00Z,57280,9803792120
06041-2021Q4,2021-12-31T00:00:00Z,15600,1682544438
06057-2023Q2,2023-06-30T00:00:00Z,0,480889476
06071-2021Q4,2021-12-31T00:00:00Z,3349894,15084765713
06113-2019Q3,2019-09-30T00:00:00Z,27040,1211950187
06053-2019Q3,2019-09-30T00:00:00Z,94320,1969017016
06001-2019Q3,2019-09-30T00:00:00Z,2657982,8775278142
06089-2018Q2,2018-06-30T00:00:00Z,0,809578720
06083-2018Q2,2018-06-30T00:00:00Z,0,1823627219
06065-2018Q2,2018-06-30T00:00:00Z,0,9645910127
06069-2018Q2,2018-06-30T00:00:00Z,0,179167972
06115-2022Q4,2022-12-31T00:00:00Z,44800,244736706
06059-2025Q2,2025-06-30T00:00:00Z,0,21879964457
06015-2017Q3,2017-09-30T00:00:00Z,0,70094453
06021-2015Q4,2015-12-31T00:00:00Z,0,88497444
06055-2015Q4,2015-12-31T00:00:00Z,26240,899778468
06089-2017Q2,2017-06-30T00:00:00Z,0,787572858
06045-2023Q3,2023-09-30T00:00:00Z,8400,474983352
06065-2023Q1,2023-03-31T00:00:00Z,0,14448187564
06033-2023Q1,2023-03-31T00:00:00Z,0,176827476
06113-2023Q1,2023-03-31T00:00:00Z,0,1273304895
06057-2023Q1,2023-03-31T00:00:00Z,0,397077254
06019-2023Q1,2023-03-31T00:00:00Z,0,5413782169
06087-2023Q1,2023-03-31T00:00:00Z,0,1052116643
06075-2025Q4,2025-12-31T00:00:00Z,0,5399963379
06015-2025Q4,2025-12-31T00:00:00Z,0,88523352
06109-2025Q4,2025-12-31T00:00:00Z,0,266363577
06011-2021Q3,2021-09-30T00:00:00Z,0,151534298
06099-2022Q4,2022-12-31T00:00:00Z,5440,3370822615
06053-2025Q4,2025-12-31T00:00:00Z,0,2377923953
06099-2025Q4,2025-12-31T00:00:00Z,0,3301059516
06011-2016Q3,2016-09-30T00:00:00Z,400,96605660
06101-2016Q3,2016-09-30T00:00:00Z,0,402488682
06109-2016Q3,2016-09-30T00:00:00Z,2000,188482053
06093-2019Q2,2019-06-30T00:00:00Z,0,148098054
06061-2019Q2,2019-06-30T00:00:00Z,0,2693481811
06091-2019Q2,2019-06-30T00:00:00Z,0,12459214
06075-2019Q2,2019-06-30T00:00:00Z,0,5331636456
06079-2019Q2,2019-06-30T00:00:00Z,0,1447058042
06015-2019Q2,2019-06-30T00:00:00Z,0,62419131
06115-2021Q3,2021-09-30T00:00:00Z,58800,262974586
06067-2021Q3,2021-09-30T00:00:00Z,69600,8704167272
06111-2022Q4,2022-12-31T00:00:00Z,85440,5164933281
06015-2022Q4,2022-12-31T00:00:00Z,0,92826653
06115-2019Q2,2019-06-30T00:00:00Z,0,169397324
06019-2022Q4,2022-12-31T00:00:00Z,142015,6278607048
06009-2022Q4,2022-12-31T00:00:00Z,160,152077669
06063-2022Q4,2022-12-31T00:00:00Z,0,93566454
06043-2022Q4,2022-12-31T00:00:00Z,0,60656324
06019-2016Q4,2016-12-31T00:00:00Z,125080,3621267562
06101-2016Q4,2016-12-31T00:00:00Z,0,419992740
06067-2015Q3,2015-09-30T00:00:00Z,87900,5638933246
06093-2015Q3,2015-09-30T00:00:00Z,0,157905920
06083-2015Q3,2015-09-30T00:00:00Z,97940,1743559547
06015-2015Q3,2015-09-30T00:00:00Z,0,66811026
06009-2020Q1,2020-03-31T00:00:00Z,0,97712597
06083-2020Q1,2020-03-31T00:00:00Z,27675,1658751591
06071-2025Q2,2025-06-30T00:00:00Z,0,15353974801
06101-2025Q2,2025-06-30T00:00:00Z,0,602040347
06005-2023Q3,2023-09-30T00:00:00Z,0,155773040
06069-2020Q2,2020-06-30T00:00:00Z,0,190669169
06017-2020Q1,2020-03-31T00:00:00Z,4320,575400274
06015-2016Q2,2016-06-30T00:00:00Z,0,61851087
06115-2020Q3,2020-09-30T00:00:00Z,0,209914834
06075-2016Q2,2016-06-30T00:00:00Z,0,4937394049
06061-2016Q2,2016-06-30T00:00:00Z,0,2254476243
06009-2020Q3,2020-09-30T00:00:00Z,0,142081062
06037-2020Q3,2020-09-30T00:00:00Z,209192,40905209546
06009-2025Q2,2025-06-30T00:00:00Z,0,150090984
06017-2025Q2,2025-06-30T00:00:00Z,0,832443945
06041-2018Q4,2018-12-31T00:00:00Z,22240,1479417463
06017-2018Q4,2018-12-31T00:00:00Z,224640,634574313
06091-2018Q4,2018-12-31T00:00:00Z,0,4547861
06087-2018Q4,2018-12-31T00:00:00Z,53120,1022501811
06111-2018Q4,2018-12-31T00:00:00Z,40120,3860629047
06031-2016Q1,2016-03-31T00:00:00Z,0,475408570
06069-2016Q1,2016-03-31T00:00:00Z,0,140762307
06029-2023Q1,2023-03-31T00:00:00Z,0,5203823043
06043-2023Q1,2023-03-31T00:00:00Z,0,43361723
06099-2018Q1,2018-03-31T00:00:00Z,0,2147919224
06067-2018Q1,2018-03-31T00:00:00Z,0,5761657194
06105-2018Q4,2018-12-31T00:00:00Z,2400,24823101
06049-2017Q3,2017-09-30T00:00:00Z,0,27834520
06015-2023Q4,2023-12-31T00:00:00Z,0,88347785
06061-2023Q4,2023-12-31T00:00:00Z,20240,3418088974
06047-2023Q4,2023-12-31T00:00:00Z,960,1118795077
06089-2023Q4,2023-12-31T00:00:00Z,2556,1101626638
06075-2023Q4,2023-12-31T00:00:00Z,3553684,5046204262
06109-2023Q4,2023-12-31T00:00:00Z,400,266201568
06105-2023Q4,2023-12-31T00:00:00Z,400,29645195
06103-2025Q2,2025-06-30T00:00:00Z,0,282685371
06111-2025Q2,2025-06-30T00:00:00Z,0,5042393833
06053-2022Q2,2022-06-30T00:00:00Z,0,2460335145
06115-2022Q2,2022-06-30T00:00:00Z,0,276320512
06043-2015Q2,2015-06-30T00:00:00Z,0,55938806
06055-2020Q4,2020-12-31T00:00:00Z,800,934161808
06099-2020Q4,2020-12-31T00:00:00Z,0,2820861773
06017-2022Q2,2022-06-30T00:00:00Z,0,850430258
06113-2022Q2,2022-06-30T00:00:00Z,0,1543033914
06033-2020Q4,2020-12-31T00:00:00Z,0,203809385
06005-2020Q4,2020-12-31T00:00:00Z,0,150183794
06031-2015Q4,2015-12-31T00:00:00Z,800,498204169
06047-2015Q4,2015-12-31T00:00:00Z,640,706569014
06073-2015Q4,2015-12-31T00:00:00Z,540250,14392406837
06037-2015Q4,2015-12-31T00:00:00Z,2656966,40396786170
06089-2015Q4,2015-12-31T00:00:00Z,6594,755393811
06025-2015Q4,2015-12-31T00:00:00Z,0,776170349
06041-2015Q4,2015-12-31T00:00:00Z,29600,1396642972
06065-2015Q4,2015-12-31T00:00:00Z,37678,8886861719
06047-2020Q1,2020-03-31T00:00:00Z,400,748232773
06025-2020Q1,2020-03-31T00:00:00Z,800,620694203
06033-2020Q1,2020-03-31T00:00:00Z,1200,148905247
06089-2016Q3,2016-09-30T00:00:00Z,1600,764149589
06077-2021Q2,2021-06-30T00:00:00Z,880,5661608829
06095-2024Q1,2024-03-31T00:00:00Z,0,2357216302
06025-2019Q1,2019-03-31T00:00:00Z,0,628743643
06039-2019Q1,2019-03-31T00:00:00Z,0,381772969
06083-2019Q1,2019-03-31T00:00:00Z,0,1652886728
06009-2021Q2,2021-06-30T00:00:00Z,0,156597962
06041-2024Q1,2024-03-31T00:00:00Z,0,1474826982
06019-2019Q4,2019-12-31T00:00:00Z,164930,4300574739
06041-2022Q3,2022-09-30T00:00:00Z,7040,1644382613
06083-2022Q3,2022-09-30T00:00:00Z,59955,2519063464
06115-2022Q3,2022-09-30T00:00:00Z,59200,266620760
06027-2024Q4,2024-12-31T00:00:00Z,0,117638923
06053-2024Q4,2024-12-31T00:00:00Z,0,2384955511
06103-2022Q3,2022-09-30T00:00:00Z,12800,300096823
06031-2022Q3,2022-09-30T00:00:00Z,0,660893877
06101-2024Q4,2024-12-31T00:00:00Z,0,577734011
06115-2024Q4,2024-12-31T00:00:00Z,0,267858223
06047-2025Q3,2025-09-30T00:00:00Z,0,1155878716
06085-2025Q3,2025-09-30T00:00:00Z,0,14312696622
06063-2025Q3,2025-09-30T00:00:00Z,0,104171803
06049-2025Q3,2025-09-30T00:00:00Z,0,32246448
06003-2018Q1,2018-03-31T00:00:00Z,0,11318957
06081-2018Q1,2018-03-31T00:00:00Z,0,3899550328
06019-2018Q1,2018-03-31T00:00:00Z,0,3554460490
06039-2015Q4,2015-12-31T00:00:00Z,0,362435490
06001-2015Q4,2015-12-31T00:00:00Z,531664,8067018117
06019-2015Q4,2015-12-31T00:00:00Z,114170,3649621771
06027-2024Q3,2024-09-30T00:00:00Z,0,123888472
06087-2018Q2,2018-06-30T00:00:00Z,0,989796967
06097-2018Q2,2018-06-30T00:00:00Z,0,2533791912
06097-2016Q3,2016-09-30T00:00:00Z,92120,2330806870
06007-2018Q2,2018-06-30T00:00:00Z,0,881412966
06003-2018Q2,2018-06-30T00:00:00Z,0,4377325
06103-2018Q2,2018-06-30T00:00:00Z,0,212465798
06055-2018Q2,2018-06-30T00:00:00Z,0,934283041
06027-2021Q4,2021-12-31T00:00:00Z,0,111859313
06029-2016Q2,2016-06-30T00:00:00Z,0,3764031039
06053-2016Q2,2016-06-30T00:00:00Z,0,1724017105
06071-2016Q2,2016-06-30T00:00:00Z,0,9300018398
06043-2017Q4,2017-12-31T00:00:00Z,0,46869673
06085-2021Q1,2021-03-31T00:00:00Z,0,11443189950
06011-2021Q1,2021-03-31T00:00:00Z,0,116076428
06065-2021Q1,2021-03-31T00:00:00Z,800,12308952141
06079-2021Q1,2021-03-31T00:00:00Z,0,1450767300
06113-2017Q2,2017-06-30T00:00:00Z,0,1066861656
06029-2017Q2,2017-06-30T00:00:00Z,0,3518708507
06073-2017Q2,2017-06-30T00:00:00Z,0,14469932943
06071-2017Q2,2017-06-30T00:00:00Z,0,9653811630
06033-2017Q2,2017-06-30T00:00:00Z,0,163645513
06063-2023Q1,2023-03-31T00:00:00Z,0,60369258
06073-2023Q3,2023-09-30T00:00:00Z,346478,20555315286
06115-2023Q1,2023-03-31T00:00:00Z,0,205161592
06035-2023Q1,2023-03-31T00:00:00Z,0,81385711
06099-2023Q3,2023-09-30T00:00:00Z,16720,3254858739
06029-2023Q3,2023-09-30T00:00:00Z,86000,5865773130
06067-2023Q3,2023-09-30T00:00:00Z,137200,9133146819
06021-2023Q3,2023-09-30T00:00:00Z,0,165810870
06049-2023Q3,2023-09-30T00:00:00Z,0,31524191
06057-2023Q3,2023-09-30T00:00:00Z,0,530488653
06103-2023Q3,2023-09-30T00:00:00Z,0,293519255
06099-2024Q2,2024-06-30T00:00:00Z,0,3246065017
06021-2017Q1,2017-03-31T00:00:00Z,0,87682095
06055-2017Q1,2017-03-31T00:00:00Z,0,762160909
06051-2015Q1,2015-03-31T00:00:00Z,0,56236429
06097-2015Q1,2015-03-31T00:00:00Z,0,1956967958
06105-2025Q1,2025-03-31T00:00:00Z,0,23532107
06101-2017Q1,2017-03-31T00:00:00Z,0,368903493
06085-2025Q4,2025-12-31T00:00:00Z,0,15768049123
06073-2025Q4,2025-12-31T00:00:00Z,0,21443291812
06099-2017Q2,2017-06-30T00:00:00Z,0,2282234424
06007-2017Q2,2017-06-30T00:00:00Z,0,898517986
06103-2025Q4,2025-12-31T00:00:00Z,0,294776582
06057-2025Q4,2025-12-31T00:00:00Z,0,491760057
06083-2025Q4,2025-12-31T00:00:00Z,0,2594570344
06025-2020Q4,2020-12-31T00:00:00Z,0,811865743
06085-2020Q4,2020-12-31T00:00:00Z,1600,13486895148
06041-2020Q4,2020-12-31T00:00:00Z,14640,1528675660
06077-2017Q2,2017-06-30T00:00:00Z,0,3119361151
06005-2021Q1,2021-03-31T00:00:00Z,0,132690239
06083-2021Q1,2021-03-31T00:00:00Z,2800,1866051000
06009-2021Q1,2021-03-31T00:00:00Z,0,125289367
06093-2021Q1,2021-03-31T00:00:00Z,0,184787717
06013-2022Q2,2022-06-30T00:00:00Z,0,5718717529
06039-2022Q2,2022-06-30T00:00:00Z,0,695000302
06097-2022Q2,2022-06-30T00:00:00Z,0,3149208313
06043-2024Q1,2024-03-31T00:00:00Z,0,54821993
06039-2024Q1,2024-03-31T00:00:00Z,0,564395355
06005-2024Q1,2024-03-31T00:00:00Z,0,136573807
06053-2024Q1,2024-03-31T00:00:00Z,0,2039382808
06113-2024Q1,2024-03-31T00:00:00Z,0,1352860798
06067-2019Q3,2019-09-30T00:00:00Z,194580,6757003185
06115-2019Q3,2019-09-30T00:00:00Z,25600,185526917
06051-2019Q3,2019-09-30T00:00:00Z,0,94373435
06077-2019Q3,2019-09-30T00:00:00Z,4600,3630701628
06031-2025Q2,2025-06-30T00:00:00Z,0,623495313
06037-2025Q2,2025-06-30T00:00:00Z,0,51883973310
06085-2025Q2,2025-06-30T00:00:00Z,0,14280595384
06065-2025Q2,2025-06-30T00:00:00Z,0,15239981598
06021-2025Q2,2025-06-30T00:00:00Z,0,175607745
06047-2025Q2,2025-06-30T00:00:00Z,0,1236735393
06073-2019Q1,2019-03-31T00:00:00Z,0,13766495651
06015-2019Q1,2019-03-31T00:00:00Z,0,55205727
06063-2019Q1,2019-03-31T00:00:00Z,0,39518684
06047-2019Q1,2019-03-31T00:00:00Z,0,695172109
06053-2019Q1,2019-03-31T00:00:00Z,0,1570948912
06041-2021Q3,2021-09-30T00:00:00Z,54000,1573621079
06029-2021Q3,2021-09-30T00:00:00Z,42800,4995375439
06099-2021Q2,2021-06-30T00:00:00Z,0,3176505206
06047-2021Q3,2021-09-30T00:00:00Z,0,1069374762
06037-2021Q3,2021-09-30T00:00:00Z,2448714,49753474902
06061-2021Q3,2021-09-30T00:00:00Z,32000,3296665452
06009-2021Q3,2021-09-30T00:00:00Z,44800,155225541
06053-2017Q1,2017-03-31T00:00:00Z,0,1496099589
06083-2017Q1,2017-03-31T00:00:00Z,0,1585766177
06029-2017Q1,2017-03-31T00:00:00Z,0,3142617311
06093-2017Q1,2017-03-31T00:00:00Z,0,125638277
06087-2025Q2,2025-06-30T00:00:00Z,0,1305880405
06049-2018Q1,2018-03-31T00:00:00Z,0,15140302
06005-2018Q1,2018-03-31T00:00:00Z,0,103142362
06017-2018Q1,2018-03-31T00:00:00Z,0,526021259
06013-2018Q1,2018-03-31T00:00:00Z,0,4026141142
06101-2018Q1,2018-03-31T00:00:00Z,0,403445246
06015-2018Q1,2018-03-31T00:00:00Z,0,51885548
06111-2018Q1,2018-03-31T00:00:00Z,0,3312016768
06051-2018Q1,2018-03-31T00:00:00Z,0,77951484
06073-2016Q4,2016-12-31T00:00:00Z,526233,14908693727
06015-2016Q4,2016-12-31T00:00:00Z,0,59495567
06071-2016Q4,2016-12-31T00:00:00Z,2327840,9833783562
06109-2016Q4,2016-12-31T00:00:00Z,640,181040951
06027-2019Q4,2019-12-31T00:00:00Z,0,95067709
06111-2019Q4,2019-12-31T00:00:00Z,28240,4074550370
06073-2019Q4,2019-12-31T00:00:00Z,1577941,16745573707
06019-2025Q3,2025-09-30T00:00:00Z,0,5919492036
06077-2025Q3,2025-09-30T00:00:00Z,0,6266859713
06005-2025Q3,2025-09-30T00:00:00Z,0,148596101
06039-2025Q3,2025-09-30T00:00:00Z,0,633661012
06113-2015Q1,2015-03-31T00:00:00Z,0,910680389
06103-2015Q3,2015-09-30T00:00:00Z,0,200186881
06079-2015Q1,2015-03-31T00:00:00Z,0,1095977538
06009-2015Q1,2015-03-31T00:00:00Z,0,75461607
06057-2015Q3,2015-09-30T00:00:00Z,800,347673721
06037-2015Q3,2015-09-30T00:00:00Z,3103003,38265484782
06011-2015Q1,2015-03-31T00:00:00Z,0,92225537
06107-2015Q1,2015-03-31T00:00:00Z,0,1462726678
06017-2015Q1,2015-03-31T00:00:00Z,0,454160114
06021-2015Q1,2015-03-31T00:00:00Z,0,77261842
06061-2015Q3,2015-09-30T00:00:00Z,20400,2223716501
06071-2015Q3,2015-09-30T00:00:00Z,224800,9118278768
06115-2015Q3,2015-09-30T00:00:00Z,89600,133070183
06071-2016Q1,2016-03-31T00:00:00Z,0,8904320179
06029-2024Q2,2024-06-30T00:00:00Z,0,5720217925
06045-2024Q2,2024-06-30T00:00:00Z,0,451807479
06041-2024Q2,2024-06-30T00:00:00Z,0,1646071746
06065-2016Q1,2016-03-31T00:00:00Z,0,8231695170
06043-2016Q1,2016-03-31T00:00:00Z,0,37152070
06051-2024Q2,2024-06-30T00:00:00Z,0,97800754
06055-2019Q1,2019-03-31T00:00:00Z,0,834863487
06101-2019Q1,2019-03-31T00:00:00Z,0,384341010
06087-2019Q1,2019-03-31T00:00:00Z,0,840812725
06013-2024Q3,2024-09-30T00:00:00Z,0,5487333054
06013-2021Q1,2021-03-31T00:00:00Z,400,4613530764
06111-2024Q3,2024-09-30T00:00:00Z,0,4909291059
06051-2021Q1,2021-03-31T00:00:00Z,0,75862991
06111-2021Q1,2021-03-31T00:00:00Z,0,3834711762
06023-2021Q1,2021-03-31T00:00:00Z,800,569915467
06051-2025Q1,2025-03-31T00:00:00Z,0,117438747
06091-2025Q1,2025-03-31T00:00:00Z,0,6304076
06095-2025Q1,2025-03-31T00:00:00Z,0,2361218404
06033-2025Q1,2025-03-31T00:00:00Z,0,184698635
06067-2025Q1,2025-03-31T00:00:00Z,0,8551918522
06089-2025Q1,2025-03-31T00:00:00Z,0,904430395
06077-2015Q4,2015-12-31T00:00:00Z,2560,2801629810
06027-2015Q4,2015-12-31T00:00:00Z,0,79119212
06043-2015Q4,2015-12-31T00:00:00Z,0,46543765
06037-2025Q3,2025-09-30T00:00:00Z,0,50749184783
06023-2025Q3,2025-09-30T00:00:00Z,0,598737542
06055-2025Q3,2025-09-30T00:00:00Z,0,1150980631
06105-2016Q1,2016-03-31T00:00:00Z,0,20590765
06113-2016Q1,2016-03-31T00:00:00Z,0,891878987
06085-2016Q1,2016-03-31T00:00:00Z,0,9680434955
06019-2016Q1,2016-03-31T00:00:00Z,0,3345025857
06037-2016Q1,2016-03-31T00:00:00Z,0,36325232409
06033-2016Q1,2016-03-31T00:00:00Z,0,136568106
06049-2016Q1,2016-03-31T00:00:00Z,0,17698240
06093-2025Q3,2025-09-30T00:00:00Z,0,218546586
06107-2025Q3,2025-09-30T00:00:00Z,0,2594731580
06051-2022Q3,2022-09-30T00:00:00Z,1200,124084429
06079-2022Q3,2022-09-30T00:00:00Z,106400,1815363979
06055-2022Q3,2022-09-30T00:00:00Z,16820,1168726948
06037-2015Q2,2015-06-30T00:00:00Z,0,38031533200
06113-2015Q4,2015-12-31T00:00:00Z,3840,1013227337
06013-2015Q4,2015-12-31T00:00:00Z,4880,4227703900
06045-2015Q4,2015-12-31T00:00:00Z,2000,357093905
06101-2019Q3,2019-09-30T00:00:00Z,160,476131810
06087-2024Q2,2024-06-30T00:00:00Z,0,1278134451
06061-2018Q3,2018-09-30T00:00:00Z,24800,2534783790
06039-2019Q3,2019-09-30T00:00:00Z,19600,473153079
06001-2024Q2,2024-06-30T00:00:00Z,0,9854223441
06037-2024Q2,2024-06-30T00:00:00Z,0,52236032858
06071-2024Q2,2024-06-30T00:00:00Z,0,14659884441
06035-2018Q3,2018-09-30T00:00:00Z,0,75168122
06053-2018Q3,2018-09-30T00:00:00Z,83680,1964782311
06023-2020Q4,2020-12-31T00:00:00Z,4080,637510001
06095-2020Q4,2020-12-31T00:00:00Z,32400,2366716743
06013-2020Q4,2020-12-31T00:00:00Z,0,5246037201
06031-2020Q4,2020-12-31T00:00:00Z,0,582125671
06097-2023Q1,2023-03-31T00:00:00Z,0,2672918982
06027-2023Q1,2023-03-31T00:00:00Z,0,109386214
06037-2023Q1,2023-03-31T00:00:00Z,0,49017595295
06071-2023Q1,2023-03-31T00:00:00Z,0,13530928670
06083-2023Q1,2023-03-31T00:00:00Z,0,2191506115
06081-2023Q1,2023-03-31T00:00:00Z,0,4955973035
06075-2020Q1,2020-03-31T00:00:00Z,442256,4282261688
06093-2023Q2,2023-06-30T00:00:00Z,0,221005935
06087-2022Q3,2022-09-30T00:00:00Z,35840,1259196127
06015-2022Q3,2022-09-30T00:00:00Z,0,105911572
06021-2022Q3,2022-09-30T00:00:00Z,0,168206596
06049-2022Q3,2022-09-30T00:00:00Z,400,34653774
06109-2022Q3,2022-09-30T00:00:00Z,0,269204511
06029-2022Q3,2022-09-30T00:00:00Z,139920,5854782024
06107-2022Q3,2022-09-30T00:00:00Z,400,2846011113
06001-2022Q3,2022-09-30T00:00:00Z,408320,11157106103
06059-2022Q3,2022-09-30T00:00:00Z,632752,21965011727
06041-2017Q4,2017-12-31T00:00:00Z,24240,1425309882
06003-2017Q4,2017-12-31T00:00:00Z,0,11795744
06085-2017Q4,2017-12-31T00:00:00Z,1159040,12109292672
06097-2017Q4,2017-12-31T00:00:00Z,78200,2585405227
06111-2017Q4,2017-12-31T00:00:00Z,22720,3753661776
06001-2017Q4,2017-12-31T00:00:00Z,731555,8891738330
06075-2022Q3,2022-09-30T00:00:00Z,3109350,5006800102
06005-2022Q3,2022-09-30T00:00:00Z,2160,158434712
06027-2022Q3,2022-09-30T00:00:00Z,0,126506953
06097-2022Q3,2022-09-30T00:00:00Z,336480,3146573882
06001-2018Q4,2018-12-31T00:00:00Z,500160,9286201451
06041-2016Q3,2016-09-30T00:00:00Z,54240,1269233700
06087-2016Q3,2016-09-30T00:00:00Z,42400,952167089
06073-2016Q3,2016-09-30T00:00:00Z,2548263,14213233965
06013-2016Q3,2016-09-30T00:00:00Z,135360,4042332591
06047-2016Q3,2016-09-30T00:00:00Z,0,728638185
06041-2023Q3,2023-09-30T00:00:00Z,4960,1631136766
06053-2023Q3,2023-09-30T00:00:00Z,97920,2545326293
06007-2020Q3,2020-09-30T00:00:00Z,2400,1006715148
06103-2020Q3,2020-09-30T00:00:00Z,0,261341059
06015-2020Q3,2020-09-30T00:00:00Z,0,91611281
06095-2019Q2,2019-06-30T00:00:00Z,0,2132535412
06095-2016Q2,2016-06-30T00:00:00Z,0,1819261357
06105-2016Q2,2016-06-30T00:00:00Z,0,35194401
06001-2016Q2,2016-06-30T00:00:00Z,0,7783189373
06031-2016Q2,2016-06-30T00:00:00Z,0,419028796
06021-2016Q2,2016-06-30T00:00:00Z,0,115423486
06051-2016Q1,2016-03-31T00:00:00Z,0,75726095
06023-2025Q1,2025-03-31T00:00:00Z,0,511653484
06009-2017Q4,2017-12-31T00:00:00Z,400,99200583
06055-2016Q1,2016-03-31T00:00:00Z,0,744430551
06113-2017Q4,2017-12-31T00:00:00Z,4400,1123936399
06013-2017Q4,2017-12-31T00:00:00Z,94960,4592439855
06099-2020Q1,2020-03-31T00:00:00Z,6240,2227386836
06053-2025Q1,2025-03-31T00:00:00Z,0,2127573456
06059-2019Q3,2019-09-30T00:00:00Z,1221256,17365764268
06059-2016Q2,2016-06-30T00:00:00Z,0,15680839203
06085-2016Q2,2016-06-30T00:00:00Z,0,10444822218
06101-2016Q2,2016-06-30T00:00:00Z,0,444369166
06081-2016Q2,2016-06-30T00:00:00Z,0,3896239901
06065-2016Q2,2016-06-30T00:00:00Z,0,8561644143
06077-2016Q2,2016-06-30T00:00:00Z,0,2818895388
06081-2022Q1,2022-03-31T00:00:00Z,0,4962934609
06017-2016Q1,2016-03-31T00:00:00Z,0,488150309
06015-2022Q1,2022-03-31T00:00:00Z,0,81567287
06057-2016Q4,2016-12-31T00:00:00Z,0,348279630
06103-2018Q1,2018-03-31T00:00:00Z,0,185040495
06007-2017Q1,2017-03-31T00:00:00Z,0,758300614
06095-2017Q1,2017-03-31T00:00:00Z,0,1743784065
06067-2017Q1,2017-03-31T00:00:00Z,0,5616706909
06039-2017Q1,2017-03-31T00:00:00Z,0,356096238
06075-2017Q1,2017-03-31T00:00:00Z,0,4440007815
06059-2017Q1,2017-03-31T00:00:00Z,0,14932660639
06109-2017Q1,2017-03-31T00:00:00Z,0,158068378
06015-2017Q1,2017-03-31T00:00:00Z,0,55596302
06111-2016Q1,2016-03-31T00:00:00Z,0,3189884852
06061-2016Q1,2016-03-31T00:00:00Z,0,2032969422
06035-2016Q1,2016-03-31T00:00:00Z,0,61078512
06107-2016Q1,2016-03-31T00:00:00Z,0,1498534774
06039-2022Q1,2022-03-31T00:00:00Z,0,596957322
06049-2022Q1,2022-03-31T00:00:00Z,0,25070922
06111-2018Q2,2018-06-30T00:00:00Z,0,3561984223
06043-2023Q4,2023-12-31T00:00:00Z,0,65242308
06091-2023Q4,2023-12-31T00:00:00Z,0,10140566
06111-2023Q4,2023-12-31T00:00:00Z,61760,5152131001
06057-2018Q3,2018-09-30T00:00:00Z,2400,390362580
06013-2018Q3,2018-09-30T00:00:00Z,43760,4413884500
06075-2020Q2,2020-06-30T00:00:00Z,10320,2750587970
06053-2020Q2,2020-06-30T00:00:00Z,0,1555804696
06081-2019Q2,2019-06-30T00:00:00Z,0,4536482666
06103-2017Q2,2017-06-30T00:00:00Z,0,206726309
06111-2017Q2,2017-06-30T00:00:00Z,0,3518622555
06053-2019Q2,2019-06-30T00:00:00Z,0,1952965941
06077-2015Q3,2015-09-30T00:00:00Z,14680,2737305405
06043-2025Q3,2025-09-30T00:00:00Z,0,85600169
06085-2015Q3,2015-09-30T00:00:00Z,1280840,10543605811
06027-2025Q3,2025-09-30T00:00:00Z,0,129693741
06113-2025Q3,2025-09-30T00:00:00Z,0,1482916550
06003-2025Q3,2025-09-30T00:00:00Z,0,8062815
06051-2025Q3,2025-09-30T00:00:00Z,0,130676461
06079-2025Q3,2025-09-30T00:00:00Z,0,1937687247
06081-2025Q3,2025-09-30T00:00:00Z,0,5801521112
06103-2025Q3,2025-09-30T00:00:00Z,0,327262474
06045-2025Q3,2025-09-30T00:00:00Z,0,455632468
06015-2019Q3,2019-09-30T00:00:00Z,0,69728494
06033-2021Q2,2021-06-30T00:00:00Z,0,227952469
06101-2021Q2,2021-06-30T00:00:00Z,0,619840252
06061-2019Q3,2019-09-30T00:00:00Z,16400,2606119329
06063-2019Q3,2019-09-30T00:00:00Z,2000,74441253
06103-2019Q3,2019-09-30T00:00:00Z,800,234300071
06093-2019Q3,2019-09-30T00:00:00Z,0,165008909
06105-2021Q2,2021-06-30T00:00:00Z,0,46724301
06047-2021Q2,2021-06-30T00:00:00Z,0,1073377350
06069-2021Q2,2021-06-30T00:00:00Z,0,256495017
06049-2021Q2,2021-06-30T00:00:00Z,0,30023617
06011-2018Q3,2018-09-30T00:00:00Z,0,114716605
06013-2023Q3,2023-09-30T00:00:00Z,800,5651310406
06111-2021Q2,2021-06-30T00:00:00Z,53600,4443412999
06073-2017Q3,2017-09-30T00:00:00Z,2793863,14515104755
06079-2023Q3,2023-09-30T00:00:00Z,38320,1848041835
06001-2023Q3,2023-09-30T00:00:00Z,160352,10071659971
06107-2017Q3,2017-09-30T00:00:00Z,14220,1767057750
06075-2017Q3,2017-09-30T00:00:00Z,4696288,4842694750
06063-2017Q3,2017-09-30T00:00:00Z,160,74885925
06035-2021Q2,2021-06-30T00:00:00Z,0,95386177
06047-2015Q2,2015-06-30T00:00:00Z,0,858578692
06059-2015Q2,2015-06-30T00:00:00Z,0,15535450904
06023-2015Q1,2015-03-31T00:00:00Z,0,442013380
06077-2015Q1,2015-03-31T00:00:00Z,0,2394304160
06071-2015Q2,2015-06-30T00:00:00Z,0,8752077571
06007-2015Q2,2015-06-30T00:00:00Z,0,812085812
06033-2015Q1,2015-03-31T00:00:00Z,0,122530123
06085-2019Q4,2019-12-31T00:00:00Z,494160,13611187171
06007-2019Q4,2019-12-31T00:00:00Z,25680,991072612
06069-2019Q4,2019-12-31T00:00:00Z,0,207910408
06109-2019Q4,2019-12-31T00:00:00Z,20400,209511519
06013-2019Q4,2019-12-31T00:00:00Z,19160,5078195461
06091-2019Q4,2019-12-31T00:00:00Z,0,5438237
06077-2023Q2,2023-06-30T00:00:00Z,0,5937293843
06069-2015Q3,2015-09-30T00:00:00Z,0,165915392
06003-2023Q2,2023-06-30T00:00:00Z,0,7032327
06029-2023Q2,2023-06-30T00:00:00Z,0,5616188186
06035-2023Q2,2023-06-30T00:00:00Z,0,94398513
06047-2023Q2,2023-06-30T00:00:00Z,0,1120201870
06045-2023Q2,2023-06-30T00:00:00Z,0,459162531
06059-2023Q2,2023-06-30T00:00:00Z,0,22198645946
06049-2018Q4,2018-12-31T00:00:00Z,0,18557039
06071-2021Q1,2021-03-31T00:00:00Z,800,12341659300
06041-2021Q1,2021-03-31T00:00:00Z,400,1365068008
06061-2021Q1,2021-03-31T00:00:00Z,0,2795699896
06059-2021Q1,2021-03-31T00:00:00Z,2400,16442109853
06047-2021Q1,2021-03-31T00:00:00Z,0,921753633
06109-2021Q1,2021-03-31T00:00:00Z,0,209549164
06001-2020Q2,2020-06-30T00:00:00Z,10240,6796158976
06025-2024Q1,2024-03-31T00:00:00Z,0,941727684
06099-2020Q2,2020-06-30T00:00:00Z,0,2363701031
06029-2018Q4,2018-12-31T00:00:00Z,42480,3976201443
06075-2022Q4,2022-12-31T00:00:00Z,4430389,5289269715
06101-2022Q4,2022-12-31T00:00:00Z,0,598105418
06065-2022Q4,2022-12-31T00:00:00Z,1326546,16565479315
06109-2018Q4,2018-12-31T00:00:00Z,1000,193290973
06065-2018Q4,2018-12-31T00:00:00Z,1477354,10628576700
06107-2018Q4,2018-12-31T00:00:00Z,1420,2097702273
06103-2018Q4,2018-12-31T00:00:00Z,1920,227256096
06079-2016Q2,2016-06-30T00:00:00Z,0,1247776634
06027-2016Q2,2016-06-30T00:00:00Z,0,86380706
06089-2017Q4,2017-12-31T00:00:00Z,23276,814499218
06015-2017Q4,2017-12-31T00:00:00Z,0,57108988
06033-2018Q4,2018-12-31T00:00:00Z,960,162362791
06037-2018Q4,2018-12-31T00:00:00Z,5445913,44791683532
06083-2017Q4,2017-12-31T00:00:00Z,48876,1857305974
06031-2018Q4,2018-12-31T00:00:00Z,0,454562702
06059-2018Q4,2018-12-31T00:00:00Z,533064,18300556154
06055-2017Q3,2017-09-30T00:00:00Z,6800,919073133
06015-2021Q2,2021-06-30T00:00:00Z,0,92409477
06097-2021Q2,2021-06-30T00:00:00Z,2400,2930325883
06067-2017Q3,2017-09-30T00:00:00Z,402300,6239153681
06037-2018Q2,2018-06-30T00:00:00Z,0,41219347034
06031-2018Q2,2018-06-30T00:00:00Z,0,439080557
06071-2018Q2,2018-06-30T00:00:00Z,0,10101884690
06023-2018Q2,2018-06-30T00:00:00Z,0,524875139
06109-2015Q1,2015-03-31T00:00:00Z,0,142597376
06035-2015Q1,2015-03-31T00:00:00Z,0,61276680
06011-2019Q3,2019-09-30T00:00:00Z,0,133239757
06035-2016Q2,2016-06-30T00:00:00Z,0,72195722
06063-2017Q2,2017-06-30T00:00:00Z,0,61865504
06057-2025Q3,2025-09-30T00:00:00Z,0,513104234
06021-2016Q3,2016-09-30T00:00:00Z,0,104120265
06063-2024Q4,2024-12-31T00:00:00Z,0,86400458
06095-2015Q2,2015-06-30T00:00:00Z,0,1739933517
06087-2015Q2,2015-06-30T00:00:00Z,0,901705932
06097-2015Q2,2015-06-30T00:00:00Z,0,2215080492
06113-2015Q2,2015-06-30T00:00:00Z,0,1023183915
06097-2024Q4,2024-12-31T00:00:00Z,0,3029532516
06113-2024Q4,2024-12-31T00:00:00Z,0,1465334488
06041-2024Q4,2024-12-31T00:00:00Z,0,1745521971
06005-2015Q2,2015-06-30T00:00:00Z,0,125299429
06033-2015Q2,2015-06-30T00:00:00Z,0,147729951
06057-2015Q2,2015-06-30T00:00:00Z,0,319090766
06055-2015Q2,2015-06-30T00:00:00Z,0,835768550
06031-2015Q2,2015-06-30T00:00:00Z,0,423793997
06073-2015Q2,2015-06-30T00:00:00Z,0,13691852402
06105-2015Q2,2015-06-30T00:00:00Z,0,32656015
06095-2019Q1,2019-03-31T00:00:00Z,0,1813264374
06077-2020Q4,2020-12-31T00:00:00Z,0,4569263212
06041-2019Q1,2019-03-31T00:00:00Z,0,1201742341
06075-2020Q4,2020-12-31T00:00:00Z,20080,3907625898
06061-2020Q4,2020-12-31T00:00:00Z,0,2991356631
06009-2020Q4,2020-12-31T00:00:00Z,0,144391622
06051-2020Q4,2020-12-31T00:00:00Z,0,73480550
06011-2020Q4,2020-12-31T00:00:00Z,0,127374652
06081-2021Q3,2021-09-30T00:00:00Z,151560,4939005902
06031-2021Q3,2021-09-30T00:00:00Z,0,620232064
06045-2021Q3,2021-09-30T00:00:00Z,13200,517629938
06031-2025Q3,2025-09-30T00:00:00Z,0,619762989
06095-2018Q2,2018-06-30T00:00:00Z,0,1971845277
06007-2025Q3,2025-09-30T00:00:00Z,0,1049791265
06041-2025Q3,2025-09-30T00:00:00Z,0,1666102150
06005-2018Q2,2018-06-30T00:00:00Z,0,121733934
06063-2018Q2,2018-06-30T00:00:00Z,0,58136530
06015-2025Q3,2025-09-30T00:00:00Z,0,106421736
06007-2022Q3,2022-09-30T00:00:00Z,2960,1182819966
06111-2022Q3,2022-09-30T00:00:00Z,52080,4840142817
06089-2022Q3,2022-09-30T00:00:00Z,9356,1059081534
06049-2018Q2,2018-06-30T00:00:00Z,0,21698412
06115-2018Q2,2018-06-30T00:00:00Z,0,162786058
06065-2022Q3,2022-09-30T00:00:00Z,801440,15017807093
06067-2022Q3,2022-09-30T00:00:00Z,150235,9189903443
06081-2017Q4,2017-12-31T00:00:00Z,31360,4652257802
06041-2019Q2,2019-06-30T00:00:00Z,0,1410507359
06065-2017Q4,2017-12-31T00:00:00Z,1429172,9748053972
06023-2017Q4,2017-12-31T00:00:00Z,19520,566927852
06033-2017Q4,2017-12-31T00:00:00Z,1760,157326614
06029-2019Q2,2019-06-30T00:00:00Z,0,4009796809
06043-2019Q2,2019-06-30T00:00:00Z,0,61341480
06063-2019Q2,2019-06-30T00:00:00Z,0,58755868
06063-2015Q1,2015-03-31T00:00:00Z,0,37473290
06101-2015Q1,2015-03-31T00:00:00Z,0,362779755
06069-2015Q1,2015-03-31T00:00:00Z,0,130332097
06081-2020Q3,2020-09-30T00:00:00Z,0,4002702972
06107-2024Q3,2024-09-30T00:00:00Z,0,2697846636
06037-2019Q3,2019-09-30T00:00:00Z,3051050,42911633802
06019-2015Q1,2015-03-31T00:00:00Z,0,3213179856
06009-2018Q3,2018-09-30T00:00:00Z,51200,103079433
06115-2020Q1,2020-03-31T00:00:00Z,400,160745699
06089-2020Q1,2020-03-31T00:00:00Z,8194,742591430
06083-2022Q4,2022-12-31T00:00:00Z,62985,2582997062
06041-2022Q4,2022-12-31T00:00:00Z,43120,1714831202
06081-2022Q4,2022-12-31T00:00:00Z,25920,5865590626
06049-2022Q4,2022-12-31T00:00:00Z,960,32330663
06067-2022Q4,2022-12-31T00:00:00Z,3217460,9483717492
06113-2022Q4,2022-12-31T00:00:00Z,1760,1483973360
06105-2022Q4,2022-12-31T00:00:00Z,0,31641733
06101-2020Q1,2020-03-31T00:00:00Z,0,397390893
06003-2020Q1,2020-03-31T00:00:00Z,0,8386813
06087-2024Q3,2024-09-30T00:00:00Z,0,1271256975
06093-2024Q3,2024-09-30T00:00:00Z,0,215210196
06071-2024Q3,2024-09-30T00:00:00Z,0,14513470759
06021-2024Q3,2024-09-30T00:00:00Z,0,154448644
06075-2024Q3,2024-09-30T00:00:00Z,0,4555318597
06101-2024Q3,2024-09-30T00:00:00Z,0,574247022
06033-2024Q3,2024-09-30T00:00:00Z,0,222021747
06103-2024Q3,2024-09-30T00:00:00Z,0,284682397
06023-2021Q2,2021-06-30T00:00:00Z,2800,689133752
06059-2021Q2,2021-06-30T00:00:00Z,17552,19588318557
06031-2021Q2,2021-06-30T00:00:00Z,0,663900529
06023-2022Q4,2022-12-31T00:00:00Z,30960,596541959
06053-2022Q4,2022-12-31T00:00:00Z,32800,2421722619
06089-2021Q2,2021-06-30T00:00:00Z,0,1092188799
06055-2021Q2,2021-06-30T00:00:00Z,2280,1050785206
06003-2021Q2,2021-06-30T00:00:00Z,0,6503826
06041-2021Q2,2021-06-30T00:00:00Z,13840,1586685707
06107-2022Q4,2022-12-31T00:00:00Z,4840,3172118905
06101-2025Q1,2025-03-31T00:00:00Z,0,488299168
06107-2025Q1,2025-03-31T00:00:00Z,0,2335359326
06073-2021Q2,2021-06-30T00:00:00Z,176160,17964607579
06025-2015Q3,2015-09-30T00:00:00Z,560,640885068
06017-2023Q4,2023-12-31T00:00:00Z,800,847625751
06015-2021Q3,2021-09-30T00:00:00Z,0,96419273
06093-2021Q3,2021-09-30T00:00:00Z,0,223151496
06089-2021Q3,2021-09-30T00:00:00Z,1878,1052593034
06065-2015Q3,2015-09-30T00:00:00Z,17480,8038517451
06099-2023Q4,2023-12-31T00:00:00Z,7760,3317973139
06107-2023Q4,2023-12-31T00:00:00Z,1020,3208957768
06069-2024Q3,2024-09-30T00:00:00Z,0,284863552
06001-2025Q3,2025-09-30T00:00:00Z,0,10081866783
06033-2023Q2,2023-06-30T00:00:00Z,0,207979282
06063-2022Q3,2022-09-30T00:00:00Z,0,109177757
06081-2021Q2,2021-06-30T00:00:00Z,1720,4802147017
06039-2023Q3,2023-09-30T00:00:00Z,6400,710357200
06083-2023Q3,2023-09-30T00:00:00Z,42281,2524144726
06085-2021Q2,2021-06-30T00:00:00Z,1760,12985234143
06019-2021Q2,2021-06-30T00:00:00Z,1600,5953027577
06085-2025Q1,2025-03-31T00:00:00Z,0,13059121924
06019-2025Q1,2025-03-31T00:00:00Z,0,5383861686
06113-2018Q1,2018-03-31T00:00:00Z,0,1016520467
06089-2018Q1,2018-03-31T00:00:00Z,0,699657957
06033-2018Q1,2018-03-31T00:00:00Z,0,134054746
06017-2022Q3,2022-09-30T00:00:00Z,1360,887135108
06055-2023Q2,2023-06-30T00:00:00Z,0,1189229331
06015-2023Q2,2023-06-30T00:00:00Z,0,97633187
06023-2021Q4,2021-12-31T00:00:00Z,18360,632299660
06069-2023Q2,2023-06-30T00:00:00Z,0,259013417
06097-2023Q2,2023-06-30T00:00:00Z,0,3087015496
06113-2023Q2,2023-06-30T00:00:00Z,0,1462531935
06051-2023Q2,2023-06-30T00:00:00Z,0,101751149
06089-2022Q4,2022-12-31T00:00:00Z,9748,1070636729
06025-2022Q4,2022-12-31T00:00:00Z,400,1098507433
06047-2022Q4,2022-12-31T00:00:00Z,0,1094937167
06021-2022Q4,2022-12-31T00:00:00Z,0,146280208
06109-2022Q4,2022-12-31T00:00:00Z,400,256088891
06011-2022Q4,2022-12-31T00:00:00Z,0,140910086
06013-2022Q4,2022-12-31T00:00:00Z,2920,6063497611
06105-2018Q1,2018-03-31T00:00:00Z,0,18247942
06071-2018Q1,2018-03-31T00:00:00Z,0,9419442444
06107-2018Q1,2018-03-31T00:00:00Z,0,1687212747
06045-2018Q1,2018-03-31T00:00:00Z,0,314063786
06031-2021Q4,2021-12-31T00:00:00Z,0,628233947
06001-2021Q4,2021-12-31T00:00:00Z,439120,10818136904
06065-2021Q4,2021-12-31T00:00:00Z,723434,15617743765
06097-2021Q4,2021-12-31T00:00:00Z,48760,3061475253
06057-2017Q3,2017-09-30T00:00:00Z,1600,385270922
06093-2024Q2,2024-06-30T00:00:00Z,0,217127721
06043-2021Q4,2021-12-31T00:00:00Z,0,56102645
06045-2021Q1,2021-03-31T00:00:00Z,0,456163518
06115-2021Q1,2021-03-31T00:00:00Z,0,200685079
06071-2021Q3,2021-09-30T00:00:00Z,1779960,13845185657
06095-2021Q3,2021-09-30T00:00:00Z,4600,2479316269
06091-2017Q2,2017-06-30T00:00:00Z,0,5054027
06005-2017Q2,2017-06-30T00:00:00Z,0,118496740
06009-2017Q2,2017-06-30T00:00:00Z,0,114608153
06095-2017Q2,2017-06-30T00:00:00Z,0,1932001476
06003-2021Q3,2021-09-30T00:00:00Z,0,6198742
06013-2021Q3,2021-09-30T00:00:00Z,180600,5350724030
06071-2020Q2,2020-06-30T00:00:00Z,3600,9853868007
06063-2020Q2,2020-06-30T00:00:00Z,0,66978238
06051-2020Q2,2020-06-30T00:00:00Z,0,50439236
06045-2020Q2,2020-06-30T00:00:00Z,400,402147704
