festival_id,festival_name,event_date,venue_name,county_fips,state_code,attendance,category,source_notes
coachella_2018,Coachella Valley Music & Arts Festival,2018-04-13,Empire Polo Club,06065,CA,250000,music_festival,Wikipedia: ~125K/weekend x 2 weekends
coachella_2019,Coachella Valley Music & Arts Festival,2019-04-12,Empire Polo Club,06065,CA,250000,music_festival,Wikipedia
coachella_2022,Coachella Valley Music & Arts Festival,2022-04-15,Empire Polo Club,06065,CA,250000,music_festival,Wikipedia (post-COVID return)
coachella_2023,Coachella Valley Music & Arts Festival,2023-04-14,Empire Polo Club,06065,CA,250000,music_festival,Wikipedia
stagecoach_2018,Stagecoach Festival,2018-04-27,Empire Polo Club,06065,CA,225000,music_festival,Wikipedia: ~75K/day x 3 days
stagecoach_2019,Stagecoach Festival,2019-04-26,Empire Polo Club,06065,CA,225000,music_festival,Wikipedia
stagecoach_2022,Stagecoach Festival,2022-04-29,Empire Polo Club,06065,CA,225000,music_festival,Wikipedia
stagecoach_2023,Stagecoach Festival,2023-04-28,Empire Polo Club,06065,CA,225000,music_festival,Wikipedia
outsidelands_2018,Outside Lands,2018-08-10,Golden Gate Park,06075,CA,225000,music_festival,Wikipedia: ~75K/day x 3 days
outsidelands_2019,Outside Lands,2019-08-09,Golden Gate Park,06075,CA,225000,music_festival,Wikipedia
outsidelands_2021,Outside Lands,2021-10-29,Golden Gate Park,06075,CA,225000,music_festival,Wikipedia (delayed post-COVID)
outsidelands_2022,Outside Lands,2022-08-05,Golden Gate Park,06075,CA,225000,music_festival,Wikipedia
outsidelands_2023,Outside Lands,2023-08-11,Golden Gate Park,06075,CA,225000,music_festival,Wikipedia
bottlerock_2018,BottleRock Napa Valley,2018-05-25,Napa Valley Expo,06055,CA,120000,music_festival,Wikipedia: ~40K/day x 3 days
bottlerock_2019,BottleRock Napa Valley,2019-05-24,Napa Valley Expo,06055,CA,120000,music_festival,Wikipedia
bottlerock_2021,BottleRock Napa Valley,2021-09-03,Napa Valley Expo,06055,CA,120000,music_festival,Wikipedia (delayed post-COVID)
bottlerock_2022,BottleRock Napa Valley,2022-05-27,Napa Valley Expo,06055,CA,120000,music_festival,Wikipedia
bottlerock_2023,BottleRock Napa Valley,2023-05-26,Napa Valley Expo,06055,CA,120000,music_festival,Wikipedia
aftershock_2018,Aftershock Festival,2018-10-13,Discovery Park,06067,CA,75000,music_festival,Festival site: pre-expansion attendance
aftershock_2019,Aftershock Festival,2019-10-12,Discovery Park,06067,CA,90000,music_festival,Festival site
aftershock_2021,Aftershock Festival,2021-10-07,Discovery Park,06067,CA,160000,music_festival,Festival site: 40K/day x 4 days
aftershock_2022,Aftershock Festival,2022-10-06,Discovery Park,06067,CA,160000,music_festival,Festival site
aftershock_2023,Aftershock Festival,2023-10-05,Discovery Park,06067,CA,180000,music_festival,Festival site
kaaboo_2018,KAABOO Del Mar,2018-09-14,Del Mar Fairgrounds,06073,CA,120000,music_festival,Wikipedia: ~40K/day x 3 days (discontinued after 2021)
kaaboo_2019,KAABOO Del Mar,2019-09-13,Del Mar Fairgrounds,06073,CA,120000,music_festival,Wikipedia
kaaboo_2021,KAABOO Del Mar,2021-09-17,Del Mar Fairgrounds,06073,CA,90000,music_festival,Reduced post-COVID; last year
hardsummer_2018,HARD Summer Music Festival,2018-08-04,Auto Club Speedway,06071,CA,80000,music_festival,Wikipedia: ~40K/day x 2 days
hardsummer_2019,HARD Summer Music Festival,2019-08-03,Auto Club Speedway,06071,CA,80000,music_festival,Wikipedia
hardsummer_2021,HARD Summer Music Festival,2021-07-31,NOS Events Center,06071,CA,80000,music_festival,Wikipedia (San Bernardino)
hardsummer_2022,HARD Summer Music Festival,2022-07-30,NOS Events Center,06071,CA,80000,music_festival,Wikipedia
hardsummer_2023,HARD Summer Music Festival,2023-08-05,Hollywood Park,06037,CA,80000,music_festival,Wikipedia (moved to Inglewood)
portola_2022,Portola Music Festival,2022-09-24,Pier 80,06075,CA,70000,music_festival,Festival site: 35K/day x 2 days
portola_2023,Portola Music Festival,2023-09-30,Pier 80,06075,CA,70000,music_festival,Festival site
cruelworld_2022,Cruel World Festival,2022-05-14,Brookside Park,06037,CA,30000,music_festival,Festival site: single-day
cruelworld_2023,Cruel World Festival,2023-05-20,Brookside Park,06037,CA,30000,music_festival,Festival site
justlikeheaven_2019,Just Like Heaven Festival,2019-05-04,Queen Mary Events Park,06037,CA,30000,music_festival,Festival site
justlikeheaven_2022,Just Like Heaven Festival,2022-05-21,Brookside Park,06037,CA,30000,music_festival,Festival site
justlikeheaven_2023,Just Like Heaven Festival,2023-05-13,Brookside Park,06037,CA,30000,music_festival,Festival site
campfloggnaw_2018,Camp Flog Gnaw Carnival,2018-11-10,Dodger Stadium,06037,CA,60000,music_festival,Wikipedia: ~30K/day x 2 days
campfloggnaw_2019,Camp Flog Gnaw Carnival,2019-11-09,Dodger Stadium,06037,CA,60000,music_festival,Wikipedia
campfloggnaw_2022,Camp Flog Gnaw Carnival,2022-11-12,Dodger Stadium,06037,CA,60000,music_festival,Wikipedia
campfloggnaw_2023,Camp Flog Gnaw Carnival,2023-11-11,Dodger Stadium,06037,CA,60000,music_festival,Wikipedia
caliivibes_2022,Cali Vibes Festival,2022-02-04,Marina Green Park,06037,CA,60000,music_festival,Festival site: 20K/day x 3 days (Long Beach)
caliivibes_2023,Cali Vibes Festival,2023-02-03,Marina Green Park,06037,CA,60000,music_festival,Festival site
thisaintnopicnic_2022,This Ain't No Picnic,2022-08-27,Brookside Park,06037,CA,60000,music_festival,Festival site: 30K/day x 2 days
snowglobe_2018,Snow Globe Music Festival,2018-12-29,Lake Tahoe Community College,06017,CA,60000,music_festival,Festival site: 20K/day x 3 days
snowglobe_2019,Snow Globe Music Festival,2019-12-29,Lake Tahoe Community College,06017,CA,60000,music_festival,Festival site
snowglobe_2021,Snow Globe Music Festival,2021-12-29,Lake Tahoe Community College,06017,CA,60000,music_festival,Festival site
snowglobe_2022,Snow Globe Music Festival,2022-12-29,Lake Tahoe Community College,06017,CA,60000,music_festival,Festival site
lightninginabottle_2018,Lightning in a Bottle,2018-05-23,Buena Vista Lake,06029,CA,25000,music_festival,Festival site (Kern County)
lightninginabottle_2019,Lightning in a Bottle,2019-05-22,Buena Vista Lake,06029,CA,25000,music_festival,Festival site
lightninginabottle_2022,Lightning in a Bottle,2022-05-25,Buena Vista Lake,06029,CA,30000,music_festival,Festival site
lightninginabottle_2023,Lightning in a Bottle,2023-05-24,Buena Vista Lake,06029,CA,30000,music_festival,Festival site
splashhouse_2018,Splash House Festival,2018-06-08,Palm Springs Resorts,06065,CA,25000,music_festival,Festival site (multi-weekend Aug)
splashhouse_2019,Splash House Festival,2019-06-07,Palm Springs Resorts,06065,CA,25000,music_festival,Festival site
splashhouse_2022,Splash House Festival,2022-06-10,Palm Springs Resorts,06065,CA,25000,music_festival,Festival site
splashhouse_2023,Splash House Festival,2023-06-09,Palm Springs Resorts,06065,CA,25000,music_festival,Festival site
crssd_spring_2018,CRSSD Festival (Spring),2018-03-03,Waterfront Park,06073,CA,25000,music_festival,Festival site (San Diego)
crssd_fall_2018,CRSSD Festival (Fall),2018-09-29,Waterfront Park,06073,CA,25000,music_festival,Festival site
crssd_spring_2019,CRSSD Festival (Spring),2019-03-02,Waterfront Park,06073,CA,25000,music_festival,Festival site
crssd_fall_2019,CRSSD Festival (Fall),2019-09-28,Waterfront Park,06073,CA,25000,music_festival,Festival site
crssd_spring_2022,CRSSD Festival (Spring),2022-03-05,Waterfront Park,06073,CA,25000,music_festival,Festival site
crssd_fall_2022,CRSSD Festival (Fall),2022-09-24,Waterfront Park,06073,CA,25000,music_festival,Festival site
crssd_spring_2023,CRSSD Festival (Spring),2023-03-04,Waterfront Park,06073,CA,25000,music_festival,Festival site
crssd_fall_2023,CRSSD Festival (Fall),2023-09-23,Waterfront Park,06073,CA,25000,music_festival,Festival site
soundonsound_2022,Sound on Sound Music Festival,2022-09-24,Marina Green,06073,CA,30000,music_festival,Festival site (San Diego)
soundonsound_2023,Sound on Sound Music Festival,2023-09-30,Marina Green,06073,CA,30000,music_festival,Festival site
burgerboogaloo_2018,Burger Boogaloo,2018-07-07,Mosswood Park,06001,CA,15000,music_festival,Festival site (Oakland)
burgerboogaloo_2019,Burger Boogaloo,2019-07-06,Mosswood Park,06001,CA,15000,music_festival,Festival site
burgerboogaloo_2022,Burger Boogaloo,2022-07-02,Mosswood Park,06001,CA,15000,music_festival,Festival site
burgerboogaloo_2023,Burger Boogaloo,2023-07-01,Mosswood Park,06001,CA,15000,music_festival,Festival site
sdcc_2018,San Diego Comic-Con International,2018-07-19,San Diego Convention Center,06073,CA,130000,conference_festival,Wikipedia: ~130K attendees + ~30K outside
sdcc_2019,San Diego Comic-Con International,2019-07-18,San Diego Convention Center,06073,CA,130000,conference_festival,Wikipedia
sdcc_2022,San Diego Comic-Con International,2022-07-21,San Diego Convention Center,06073,CA,130000,conference_festival,Wikipedia (post-COVID return)
sdcc_2023,San Diego Comic-Con International,2023-07-20,San Diego Convention Center,06073,CA,130000,conference_festival,Wikipedia
anime_expo_2018,Anime Expo,2018-07-05,Los Angeles Convention Center,06037,CA,110000,conference_festival,Wikipedia
anime_expo_2019,Anime Expo,2019-07-04,Los Angeles Convention Center,06037,CA,115000,conference_festival,Wikipedia
anime_expo_2022,Anime Expo,2022-07-01,Los Angeles Convention Center,06037,CA,108000,conference_festival,Wikipedia (post-COVID)
anime_expo_2023,Anime Expo,2023-07-01,Los Angeles Convention Center,06037,CA,100000,conference_festival,Wikipedia
wondercon_2018,WonderCon,2018-03-23,Anaheim Convention Center,06059,CA,60000,conference_festival,Wikipedia
wondercon_2019,WonderCon,2019-03-29,Anaheim Convention Center,06059,CA,60000,conference_festival,Wikipedia
wondercon_2022,WonderCon,2022-04-01,Anaheim Convention Center,06059,CA,55000,conference_festival,Wikipedia
wondercon_2023,WonderCon,2023-03-24,Anaheim Convention Center,06059,CA,60000,conference_festival,Wikipedia
e3_2018,Electronic Entertainment Expo,2018-06-12,Los Angeles Convention Center,06037,CA,69200,conference_festival,Wikipedia (discontinued after 2019 in-person)
e3_2019,Electronic Entertainment Expo,2019-06-11,Los Angeles Convention Center,06037,CA,66100,conference_festival,Wikipedia (last in-person)
treasure_island_2018,Treasure Island Music Festival,2018-10-13,Middle Harbor Shoreline,06001,CA,20000,music_festival,Wikipedia (last year; moved off Treasure Island)
once_upon_time_2018,Once Upon a Time in LA,2018-12-15,Banc of California Stadium,06037,CA,40000,music_festival,Festival site
once_upon_time_2021,Once Upon a Time in LA,2021-12-18,Banc of California Stadium,06037,CA,40000,music_festival,Festival site
mountain_winery_summer_2018,Mountain Winery Summer Series,2018-08-15,The Mountain Winery,06085,CA,40000,music_festival,Operator (Saratoga; 2.5K x 16 nights)
mountain_winery_summer_2019,Mountain Winery Summer Series,2019-08-15,The Mountain Winery,06085,CA,40000,music_festival,Operator
mountain_winery_summer_2022,Mountain Winery Summer Series,2022-08-15,The Mountain Winery,06085,CA,40000,music_festival,Operator
mountain_winery_summer_2023,Mountain Winery Summer Series,2023-08-15,The Mountain Winery,06085,CA,40000,music_festival,Operator
lollapalooza_2018,Lollapalooza,2018-08-02,Grant Park,17031,IL,400000,music_festival,Wikipedia: ~100K/day x 4 days (Chicago)
lollapalooza_2019,Lollapalooza,2019-08-01,Grant Park,17031,IL,400000,music_festival,Wikipedia
lollapalooza_2021,Lollapalooza,2021-07-29,Grant Park,17031,IL,385000,music_festival,Wikipedia (post-COVID return)
lollapalooza_2022,Lollapalooza,2022-07-28,Grant Park,17031,IL,400000,music_festival,Wikipedia
lollapalooza_2023,Lollapalooza,2023-08-03,Grant Park,17031,IL,400000,music_festival,Wikipedia
bonnaroo_2018,Bonnaroo Music & Arts Festival,2018-06-07,Great Stage Park,47031,TN,80000,music_festival,Wikipedia: ~80K (Manchester)
bonnaroo_2019,Bonnaroo Music & Arts Festival,2019-06-13,Great Stage Park,47031,TN,80000,music_festival,Wikipedia
bonnaroo_2022,Bonnaroo Music & Arts Festival,2022-06-16,Great Stage Park,47031,TN,80000,music_festival,Wikipedia (2020/2021 cancelled - COVID/flood)
bonnaroo_2023,Bonnaroo Music & Arts Festival,2023-06-15,Great Stage Park,47031,TN,80000,music_festival,Wikipedia
acl_2018_w1,Austin City Limits Music Festival (Weekend 1),2018-10-05,Zilker Park,48453,TX,75000,music_festival,Wikipedia: 75K/day x 3 days x 2 weekends = 450K total
acl_2018_w2,Austin City Limits Music Festival (Weekend 2),2018-10-12,Zilker Park,48453,TX,75000,music_festival,Wikipedia
acl_2019_w1,Austin City Limits Music Festival (Weekend 1),2019-10-04,Zilker Park,48453,TX,75000,music_festival,Wikipedia
acl_2019_w2,Austin City Limits Music Festival (Weekend 2),2019-10-11,Zilker Park,48453,TX,75000,music_festival,Wikipedia
acl_2021_w1,Austin City Limits Music Festival (Weekend 1),2021-10-01,Zilker Park,48453,TX,75000,music_festival,Wikipedia
acl_2021_w2,Austin City Limits Music Festival (Weekend 2),2021-10-08,Zilker Park,48453,TX,75000,music_festival,Wikipedia
acl_2022_w1,Austin City Limits Music Festival (Weekend 1),2022-10-07,Zilker Park,48453,TX,75000,music_festival,Wikipedia
acl_2022_w2,Austin City Limits Music Festival (Weekend 2),2022-10-14,Zilker Park,48453,TX,75000,music_festival,Wikipedia
acl_2023_w1,Austin City Limits Music Festival (Weekend 1),2023-10-06,Zilker Park,48453,TX,75000,music_festival,Wikipedia
acl_2023_w2,Austin City Limits Music Festival (Weekend 2),2023-10-13,Zilker Park,48453,TX,75000,music_festival,Wikipedia
sxsw_2018,South by Southwest,2018-03-09,Austin Convention Center,48453,TX,160000,conference_festival,Wikipedia: ~80K music + ~80K interactive (Austin)
sxsw_2019,South by Southwest,2019-03-08,Austin Convention Center,48453,TX,160000,conference_festival,Wikipedia
sxsw_2022,South by Southwest,2022-03-11,Austin Convention Center,48453,TX,110000,conference_festival,Wikipedia (post-COVID; reduced)
sxsw_2023,South by Southwest,2023-03-10,Austin Convention Center,48453,TX,140000,conference_festival,Wikipedia
edc_lv_2018,EDC Las Vegas,2018-05-18,Las Vegas Motor Speedway,32003,NV,400000,music_festival,Wikipedia: ~135K/day x 3 days
edc_lv_2019,EDC Las Vegas,2019-05-17,Las Vegas Motor Speedway,32003,NV,400000,music_festival,Wikipedia
edc_lv_2021,EDC Las Vegas,2021-10-22,Las Vegas Motor Speedway,32003,NV,400000,music_festival,Wikipedia (delayed)
edc_lv_2022,EDC Las Vegas,2022-05-20,Las Vegas Motor Speedway,32003,NV,440000,music_festival,Wikipedia
edc_lv_2023,EDC Las Vegas,2023-05-19,Las Vegas Motor Speedway,32003,NV,475000,music_festival,Wikipedia
electric_zoo_2018,Electric Zoo,2018-08-31,Randall's Island,36061,NY,120000,music_festival,Wikipedia: ~40K/day x 3 days (NYC)
electric_zoo_2019,Electric Zoo,2019-08-30,Randall's Island,36061,NY,120000,music_festival,Wikipedia
electric_zoo_2021,Electric Zoo,2021-09-03,Randall's Island,36061,NY,120000,music_festival,Wikipedia
electric_zoo_2022,Electric Zoo,2022-09-02,Randall's Island,36061,NY,120000,music_festival,Wikipedia
electric_zoo_2023,Electric Zoo,2023-09-01,Randall's Island,36061,NY,120000,music_festival,Wikipedia
governors_ball_2018,Governors Ball,2018-06-01,Randall's Island,36061,NY,150000,music_festival,Wikipedia (NYC)
governors_ball_2019,Governors Ball,2019-05-31,Randall's Island,36061,NY,150000,music_festival,Wikipedia
governors_ball_2022,Governors Ball,2022-06-10,Citi Field,36081,NY,150000,music_festival,Wikipedia (moved to Citi Field)
governors_ball_2023,Governors Ball,2023-06-09,Flushing Meadows,36081,NY,150000,music_festival,Wikipedia
firefly_2018,Firefly Music Festival,2018-06-14,The Woodlands,10001,DE,90000,music_festival,Wikipedia (discontinued after 2022)
firefly_2019,Firefly Music Festival,2019-06-21,The Woodlands,10001,DE,80000,music_festival,Wikipedia
firefly_2021,Firefly Music Festival,2021-09-23,The Woodlands,10001,DE,70000,music_festival,Wikipedia
firefly_2022,Firefly Music Festival,2022-09-22,The Woodlands,10001,DE,60000,music_festival,Wikipedia
ultra_miami_2018,Ultra Music Festival,2018-03-23,Bayfront Park,12086,FL,165000,music_festival,Wikipedia: ~55K/day x 3 days
ultra_miami_2019,Ultra Music Festival,2019-03-29,Virginia Key,12086,FL,170000,music_festival,Wikipedia
ultra_miami_2022,Ultra Music Festival,2022-03-25,Bayfront Park,12086,FL,170000,music_festival,Wikipedia
ultra_miami_2023,Ultra Music Festival,2023-03-24,Bayfront Park,12086,FL,170000,music_festival,Wikipedia
rolling_loud_miami_2018,Rolling Loud Miami,2018-05-04,Hard Rock Stadium,12086,FL,160000,music_festival,Wikipedia
rolling_loud_miami_2019,Rolling Loud Miami,2019-05-10,Hard Rock Stadium,12086,FL,200000,music_festival,Wikipedia
rolling_loud_miami_2022,Rolling Loud Miami,2022-07-22,Hard Rock Stadium,12086,FL,225000,music_festival,Wikipedia
rolling_loud_miami_2023,Rolling Loud Miami,2023-07-21,Hard Rock Stadium,12086,FL,220000,music_festival,Wikipedia
osheaga_chicago_2018,Pitchfork Music Festival,2018-07-20,Union Park,17031,IL,55000,music_festival,Wikipedia (Chicago)
osheaga_chicago_2019,Pitchfork Music Festival,2019-07-19,Union Park,17031,IL,55000,music_festival,Wikipedia
osheaga_chicago_2022,Pitchfork Music Festival,2022-07-15,Union Park,17031,IL,55000,music_festival,Wikipedia
riot_fest_2018,Riot Fest,2018-09-14,Douglas Park,17031,IL,150000,music_festival,Wikipedia: 50K/day x 3 days (Chicago)
riot_fest_2019,Riot Fest,2019-09-13,Douglas Park,17031,IL,150000,music_festival,Wikipedia
riot_fest_2021,Riot Fest,2021-09-17,Douglas Park,17031,IL,150000,music_festival,Wikipedia
riot_fest_2022,Riot Fest,2022-09-16,Douglas Park,17031,IL,150000,music_festival,Wikipedia
riot_fest_2023,Riot Fest,2023-09-15,Douglas Park,17031,IL,150000,music_festival,Wikipedia
nyccc_2018,New York Comic Con,2018-10-04,Javits Center,36061,NY,250000,conference_festival,Wikipedia: 250K (largest US comic con)
nyccc_2019,New York Comic Con,2019-10-03,Javits Center,36061,NY,260000,conference_festival,Wikipedia
nyccc_2022,New York Comic Con,2022-10-06,Javits Center,36061,NY,200000,conference_festival,Wikipedia (post-COVID)
nyccc_2023,New York Comic Con,2023-10-12,Javits Center,36061,NY,200000,conference_festival,Wikipedia
ces_2018,Consumer Electronics Show,2018-01-09,Las Vegas Convention Center,32003,NV,180000,conference_festival,Wikipedia (Las Vegas)
ces_2019,Consumer Electronics Show,2019-01-08,Las Vegas Convention Center,32003,NV,175000,conference_festival,Wikipedia
ces_2022,Consumer Electronics Show,2022-01-05,Las Vegas Convention Center,32003,NV,45000,conference_festival,Wikipedia (COVID-reduced)
ces_2023,Consumer Electronics Show,2023-01-05,Las Vegas Convention Center,32003,NV,115000,conference_festival,Wikipedia
new_orleans_jazz_2018,New Orleans Jazz & Heritage Festival,2018-04-27,Fair Grounds Race Course,22071,LA,425000,music_festival,Wikipedia: 425-475K total (7 days)
new_orleans_jazz_2019,New Orleans Jazz & Heritage Festival,2019-04-25,Fair Grounds Race Course,22071,LA,475000,music_festival,Wikipedia
new_orleans_jazz_2022,New Orleans Jazz & Heritage Festival,2022-04-29,Fair Grounds Race Course,22071,LA,460000,music_festival,Wikipedia
new_orleans_jazz_2023,New Orleans Jazz & Heritage Festival,2023-04-28,Fair Grounds Race Course,22071,LA,480000,music_festival,Wikipedia
mardi_gras_2018,Mardi Gras,2018-02-13,New Orleans,22071,LA,1400000,festival_other,Wikipedia: ~1.4M total visitors over Carnival season
mardi_gras_2019,Mardi Gras,2019-03-05,New Orleans,22071,LA,1400000,festival_other,Wikipedia
mardi_gras_2022,Mardi Gras,2022-03-01,New Orleans,22071,LA,1000000,festival_other,Wikipedia (COVID-reduced)
mardi_gras_2023,Mardi Gras,2023-02-21,New Orleans,22071,LA,1300000,festival_other,Wikipedia
burning_man_2018,Burning Man,2018-08-26,Black Rock City,32031,NV,70000,music_festival,Wikipedia: 70K population (Pershing County NV)
burning_man_2019,Burning Man,2019-08-25,Black Rock City,32031,NV,79000,music_festival,Wikipedia
burning_man_2022,Burning Man,2022-08-28,Black Rock City,32031,NV,80000,music_festival,Wikipedia
burning_man_2023,Burning Man,2023-08-27,Black Rock City,32031,NV,73000,music_festival,Wikipedia
art_basel_miami_2018,Art Basel Miami Beach,2018-12-06,Miami Beach Convention Center,12086,FL,80000,conference_festival,Wikipedia
art_basel_miami_2019,Art Basel Miami Beach,2019-12-05,Miami Beach Convention Center,12086,FL,80000,conference_festival,Wikipedia
art_basel_miami_2022,Art Basel Miami Beach,2022-12-01,Miami Beach Convention Center,12086,FL,80000,conference_festival,Wikipedia
art_basel_miami_2023,Art Basel Miami Beach,2023-12-07,Miami Beach Convention Center,12086,FL,80000,conference_festival,Wikipedia
